home_zcta,home_county,atl_workers,synthetic_members,zcta_latitude,zcta_longitude,nearest_marta_station,nearest_marta_node_code,distance_to_marta_miles
30349,"Fulton County, GA",1863,186,33.622488,-84.523908,AIRPORT STATION,MARTA-AIRPORT,4.64
30265,"Coweta County, GA",1476,148,33.418686,-84.713164,AIRPORT STATION,MARTA-AIRPORT,21.71
30253,"Henry County, GA",1418,142,33.453601,-84.187167,AIRPORT STATION,MARTA-AIRPORT,19.73
30281,"Henry County, GA",1417,142,33.556897,-84.195159,INDIAN CREEK STATION,MARTA-INDIAN-CREEK,14.85
30331,"Fulton County, GA",1400,140,33.705447,-84.544070,HAMILTON E HOLMES STATION,MARTA-HAMILTON-E-HOLMES,5.46
30263,"Coweta County, GA",1354,135,33.388415,-84.858937,AIRPORT STATION,MARTA-AIRPORT,29.48
30213,"Fulton County, GA",1312,131,33.586742,-84.624426,AIRPORT STATION,MARTA-AIRPORT,10.91
30269,"Fayette County, GA",1288,129,33.393891,-84.569301,AIRPORT STATION,MARTA-AIRPORT,18.46
30344,"Fulton County, GA",1158,116,33.676636,-84.461601,EAST POINT STATION,MARTA-EAST-POINT,1.21
30252,"Henry County, GA",1112,111,33.473512,-84.057165,INDIAN CREEK STATION,MARTA-INDIAN-CREEK,22.75
30236,"Clayton County, GA",1106,111,33.519927,-84.325187,AIRPORT STATION,MARTA-AIRPORT,10.86
30215,"Fayette County, GA",1069,107,33.391613,-84.456432,AIRPORT STATION,MARTA-AIRPORT,17.21
30238,"Clayton County, GA",1039,104,33.501846,-84.382236,AIRPORT STATION,MARTA-AIRPORT,10.27
30277,"Coweta County, GA",1005,101,33.375308,-84.649196,AIRPORT STATION,MARTA-AIRPORT,21.74
30135,"Douglas County, GA",954,95,33.672278,-84.733011,HAMILTON E HOLMES STATION,MARTA-HAMILTON-E-HOLMES,16.17
30214,"Fayette County, GA",949,95,33.490464,-84.485997,AIRPORT STATION,MARTA-AIRPORT,10.62
30349,"Clayton County, GA",927,93,33.622488,-84.523908,AIRPORT STATION,MARTA-AIRPORT,4.64
30274,"Clayton County, GA",908,91,33.557264,-84.400508,AIRPORT STATION,MARTA-AIRPORT,6.33
30291,"Fulton County, GA",806,81,33.575883,-84.543771,AIRPORT STATION,MARTA-AIRPORT,7.18
30318,"Fulton County, GA",803,80,33.792660,-84.448010,BANKHEAD STATION,MARTA-BANKHEAD,1.78
30034,"DeKalb County, GA",763,76,33.690867,-84.248622,INDIAN CREEK STATION,MARTA-INDIAN-CREEK,5.57
30228,"Clayton County, GA",733,73,33.400608,-84.307728,AIRPORT STATION,MARTA-AIRPORT,18.40
30058,"DeKalb County, GA",731,73,33.738350,-84.107376,INDIAN CREEK STATION,MARTA-INDIAN-CREEK,7.34
30315,"Fulton County, GA",697,70,33.702741,-84.382853,OAKLAND CITY STATION,MARTA-OAKLAND-CITY,2.62
30310,"Fulton County, GA",695,70,33.726889,-84.428926,OAKLAND CITY STATION,MARTA-OAKLAND-CITY,0.71
30080,"Cobb County, GA",692,69,33.877818,-84.501703,BUCKHEAD STATION,MARTA-BUCKHEAD,7.96
30296,"Clayton County, GA",653,65,33.563160,-84.441157,AIRPORT STATION,MARTA-AIRPORT,5.36
30311,"Fulton County, GA",642,64,33.723262,-84.475994,HAMILTON E HOLMES STATION,MARTA-HAMILTON-E-HOLMES,2.19
30354,"Fulton County, GA",620,62,33.660361,-84.386502,EAST POINT STATION,MARTA-EAST-POINT,3.32
30248,"Henry County, GA",602,60,33.350460,-84.109119,AIRPORT STATION,MARTA-AIRPORT,27.91
30038,"DeKalb County, GA",600,60,33.666460,-84.139855,INDIAN CREEK STATION,MARTA-INDIAN-CREEK,8.81
30309,"Fulton County, GA",553,55,33.799851,-84.385837,ARTS CENTER STATION,MARTA-ARTS-CENTER,0.74
30260,"Clayton County, GA",540,54,33.587165,-84.334307,AIRPORT STATION,MARTA-AIRPORT,7.42
30083,"DeKalb County, GA",530,53,33.796597,-84.192603,INDIAN CREEK STATION,MARTA-INDIAN-CREEK,2.81
30276,"Coweta County, GA",526,53,33.263314,-84.583456,AIRPORT STATION,MARTA-AIRPORT,27.24
30228,"Henry County, GA",516,52,33.400608,-84.307728,AIRPORT STATION,MARTA-AIRPORT,18.40
30297,"Clayton County, GA",512,51,33.614988,-84.371672,AIRPORT STATION,MARTA-AIRPORT,4.64
30032,"DeKalb County, GA",505,51,33.740668,-84.264466,KENSINGTON STATION,MARTA-KENSINGTON,2.33
30126,"Cobb County, GA",503,50,33.815023,-84.553798,HAMILTON E HOLMES STATION,MARTA-HAMILTON-E-HOLMES,6.39
30312,"Fulton County, GA",486,49,33.744616,-84.375814,KING MEMORIAL STATION,MARTA-KING-MEMORIAL,0.37
30337,"Fulton County, GA",483,48,33.640147,-84.450081,AIRPORT STATION,MARTA-AIRPORT,0.23
30339,"Cobb County, GA",443,44,33.867570,-84.464600,BUCKHEAD STATION,MARTA-BUCKHEAD,5.73
30016,"Newton County, GA",427,43,33.517433,-83.928703,INDIAN CREEK STATION,MARTA-INDIAN-CREEK,24.56
30324,"Fulton County, GA",411,41,33.818405,-84.358175,LINDBERGH CENTER STATION,MARTA-LINDBERGH-CENTER,0.73
30127,"Cobb County, GA",403,40,33.875084,-84.699340,HAMILTON E HOLMES STATION,MARTA-HAMILTON-E-HOLMES,15.60
30273,"Clayton County, GA",402,40,33.583798,-84.271027,AIRPORT STATION,MARTA-AIRPORT,10.82
30308,"Fulton County, GA",400,40,33.770959,-84.377736,NORTH AVENUE STATION,MARTA-NORTH-AVENUE,0.55
30316,"DeKalb County, GA",384,38,33.716794,-84.331343,INMAN PARK-REYNOLDSTOWN STATION,MARTA-INMAN-PARK-REYNOLDSTOWN,3.06
30094,"Rockdale County, GA",366,37,33.612505,-84.051523,INDIAN CREEK STATION,MARTA-INDIAN-CREEK,14.93
30294,"DeKalb County, GA",355,36,33.636692,-84.264986,EAST LAKE STATION,MARTA-EAST-LAKE,9.30
30082,"Cobb County, GA",349,35,33.854654,-84.536437,HAMILTON E HOLMES STATION,MARTA-HAMILTON-E-HOLMES,7.91
30088,"DeKalb County, GA",338,34,33.756052,-84.182363,INDIAN CREEK STATION,MARTA-INDIAN-CREEK,2.87
30062,"Cobb County, GA",320,32,34.006497,-84.472974,NORTH SPRINGS STATION,MARTA-NORTH-SPRINGS,7.89
30223,"Spalding County, GA",303,30,33.288794,-84.279919,AIRPORT STATION,MARTA-AIRPORT,26.13
30067,"Cobb County, GA",302,30,33.934278,-84.462185,NORTH SPRINGS STATION,MARTA-NORTH-SPRINGS,6.06
30314,"Fulton County, GA",300,30,33.757861,-84.431963,WEST LAKE STATION,MARTA-WEST-LAKE,0.84
30134,"Douglas County, GA",292,29,33.777520,-84.781390,HAMILTON E HOLMES STATION,MARTA-HAMILTON-E-HOLMES,17.98
30294,"Clayton County, GA",286,29,33.636692,-84.264986,EAST LAKE STATION,MARTA-EAST-LAKE,9.30
30030,"DeKalb County, GA",285,29,33.772712,-84.291005,DECATUR STATION,MARTA-DECATUR,0.29
30066,"Cobb County, GA",285,29,34.032388,-84.505154,NORTH SPRINGS STATION,MARTA-NORTH-SPRINGS,10.42
30122,"Douglas County, GA",284,28,33.766909,-84.641356,HAMILTON E HOLMES STATION,MARTA-HAMILTON-E-HOLMES,9.91
30305,"Fulton County, GA",284,28,33.834063,-84.392063,LINDBERGH CENTER STATION,MARTA-LINDBERGH-CENTER,1.50
30047,"Gwinnett County, GA",279,28,33.870125,-84.112322,INDIAN CREEK STATION,MARTA-INDIAN-CREEK,9.65
30087,"DeKalb County, GA",274,27,33.791402,-84.098277,INDIAN CREEK STATION,MARTA-INDIAN-CREEK,7.68
30064,"Cobb County, GA",271,27,33.940455,-84.609708,NORTH SPRINGS STATION,MARTA-NORTH-SPRINGS,14.47
30144,"Cobb County, GA",271,27,34.036845,-84.591033,NORTH SPRINGS STATION,MARTA-NORTH-SPRINGS,14.83
30035,"DeKalb County, GA",269,27,33.724452,-84.204244,INDIAN CREEK STATION,MARTA-INDIAN-CREEK,3.45
30101,"Cobb County, GA",268,27,34.034515,-84.707349,NORTH SPRINGS STATION,MARTA-NORTH-SPRINGS,20.99
30044,"Gwinnett County, GA",264,26,33.921502,-84.068873,DORAVILLE STATION,MARTA-DORAVILLE,12.23
30319,"DeKalb County, GA",245,25,33.875954,-84.334763,BROOKHAVEN-OGLETHORPE STATION,MARTA-BROOKHAVEN-OGLETHORPE,1.12
30290,"Fayette County, GA",243,24,33.476407,-84.589704,AIRPORT STATION,MARTA-AIRPORT,14.03
30157,"Paulding County, GA",241,24,33.884746,-84.871949,HAMILTON E HOLMES STATION,MARTA-HAMILTON-E-HOLMES,24.79
30224,"Spalding County, GA",237,24,33.204432,-84.239735,AIRPORT STATION,MARTA-AIRPORT,32.40
30022,"Fulton County, GA",236,24,34.026085,-84.247433,NORTH SPRINGS STATION,MARTA-NORTH-SPRINGS,8.44
30039,"Gwinnett County, GA",234,23,33.799244,-84.034408,INDIAN CREEK STATION,MARTA-INDIAN-CREEK,11.38
30152,"Cobb County, GA",234,23,33.991564,-84.646870,NORTH SPRINGS STATION,MARTA-NORTH-SPRINGS,16.91
30043,"Gwinnett County, GA",230,23,34.010038,-84.005043,DORAVILLE STATION,MARTA-DORAVILLE,17.46
30328,"Fulton County, GA",224,22,33.933259,-84.386656,NORTH SPRINGS STATION,MARTA-NORTH-SPRINGS,1.86
30013,"Rockdale County, GA",221,22,33.642603,-83.971853,INDIAN CREEK STATION,MARTA-INDIAN-CREEK,17.22
30052,"Gwinnett County, GA",221,22,33.817047,-83.897315,INDIAN CREEK STATION,MARTA-INDIAN-CREEK,19.34
30096,"Gwinnett County, GA",219,22,33.974302,-84.145384,DORAVILLE STATION,MARTA-DORAVILLE,9.21
30316,"Fulton County, GA",218,22,33.716794,-84.331343,INMAN PARK-REYNOLDSTOWN STATION,MARTA-INMAN-PARK-REYNOLDSTOWN,3.06
30188,"Cherokee County, GA",215,22,34.123533,-84.457654,NORTH SPRINGS STATION,MARTA-NORTH-SPRINGS,13.63
30106,"Cobb County, GA",213,21,33.832880,-84.628055,HAMILTON E HOLMES STATION,MARTA-HAMILTON-E-HOLMES,10.59
30040,"Forsyth County, GA",210,21,34.223434,-84.176440,NORTH SPRINGS STATION,MARTA-NORTH-SPRINGS,21.86
30076,"Fulton County, GA",210,21,34.028568,-84.311368,NORTH SPRINGS STATION,MARTA-NORTH-SPRINGS,6.37
30033,"DeKalb County, GA",209,21,33.813689,-84.284377,AVONDALE STATION,MARTA-AVONDALE,2.65
30180,"Carroll County, GA",208,21,33.718878,-84.918801,HAMILTON E HOLMES STATION,MARTA-HAMILTON-E-HOLMES,25.93
30338,"DeKalb County, GA",205,21,33.946218,-84.318119,SANDY SPRINGS STATION,MARTA-SANDY-SPRINGS,2.14
30068,"Cobb County, GA",199,20,33.968116,-84.431704,NORTH SPRINGS STATION,MARTA-NORTH-SPRINGS,4.56
30132,"Paulding County, GA",199,20,33.977608,-84.851541,HAMILTON E HOLMES STATION,MARTA-HAMILTON-E-HOLMES,26.79
30350,"Fulton County, GA",199,20,33.980254,-84.330016,NORTH SPRINGS STATION,MARTA-NORTH-SPRINGS,2.91
30306,"Fulton County, GA",197,20,33.788140,-84.352625,EDGEWOOD-CANDLER PARK STATION,MARTA-EDGEWOOD-CANDLER-PARK,1.94
30114,"Cherokee County, GA",196,20,34.243544,-84.535815,NORTH SPRINGS STATION,MARTA-NORTH-SPRINGS,23.04
30294,"Henry County, GA",196,20,33.636692,-84.264986,EAST LAKE STATION,MARTA-EAST-LAKE,9.30
30075,"Fulton County, GA",194,19,34.052688,-84.391587,NORTH SPRINGS STATION,MARTA-NORTH-SPRINGS,7.72
30342,"Fulton County, GA",193,19,33.884350,-84.374964,MEDICAL CENTER STATION,MARTA-MEDICAL-CENTER,2.26
30021,"DeKalb County, GA",191,19,33.807995,-84.238975,KENSINGTON STATION,MARTA-KENSINGTON,2.55
30014,"Newton County, GA",190,19,33.587193,-83.822173,INDIAN CREEK STATION,MARTA-INDIAN-CREEK,26.60
30317,"DeKalb County, GA",190,19,33.747989,-84.315586,EAST LAKE STATION,MARTA-EAST-LAKE,1.20
30012,"Rockdale County, GA",189,19,33.717806,-84.002515,INDIAN CREEK STATION,MARTA-INDIAN-CREEK,13.52
30233,"Butts County, GA",189,19,33.294709,-83.975561,INDIAN CREEK STATION,MARTA-INDIAN-CREEK,35.94
30296,"Fulton County, GA",189,19,33.563160,-84.441157,AIRPORT STATION,MARTA-AIRPORT,5.36
30060,"Cobb County, GA",187,19,33.920062,-84.543100,NORTH SPRINGS STATION,MARTA-NORTH-SPRINGS,10.79
30329,"DeKalb County, GA",186,19,33.827245,-84.322148,LENOX STATION,MARTA-LENOX,2.42
30168,"Cobb County, GA",184,18,33.783542,-84.588106,HAMILTON E HOLMES STATION,MARTA-HAMILTON-E-HOLMES,7.10
30341,"DeKalb County, GA",181,18,33.888505,-84.289532,CHAMBLEE STATION,MARTA-CHAMBLEE,0.94
30024,"Gwinnett County, GA",179,18,34.063485,-84.091100,DORAVILLE STATION,MARTA-DORAVILLE,15.55
30078,"Gwinnett County, GA",178,18,33.861019,-84.017993,INDIAN CREEK STATION,MARTA-INDIAN-CREEK,13.67
30008,"Cobb County, GA",176,18,33.900567,-84.590924,HAMILTON E HOLMES STATION,MARTA-HAMILTON-E-HOLMES,12.26
30041,"Forsyth County, GA",175,18,34.196222,-84.096676,DORAVILLE STATION,MARTA-DORAVILLE,22.86
30268,"Fulton County, GA",170,17,33.546430,-84.722632,AIRPORT STATION,MARTA-AIRPORT,17.19
30307,"DeKalb County, GA",167,17,33.771079,-84.333600,EDGEWOOD-CANDLER PARK STATION,MARTA-EDGEWOOD-CANDLER-PARK,0.76
30084,"DeKalb County, GA",157,16,33.854097,-84.216155,DORAVILLE STATION,MARTA-DORAVILLE,5.00
30345,"DeKalb County, GA",155,16,33.851652,-84.283685,CHAMBLEE STATION,MARTA-CHAMBLEE,2.80
30004,"Fulton County, GA",153,15,34.145635,-84.291881,NORTH SPRINGS STATION,MARTA-NORTH-SPRINGS,14.38
30115,"Cherokee County, GA",151,15,34.215519,-84.402426,NORTH SPRINGS STATION,MARTA-NORTH-SPRINGS,18.89
30045,"Gwinnett County, GA",143,14,33.936518,-83.927669,DORAVILLE STATION,MARTA-DORAVILLE,20.39
30093,"Gwinnett County, GA",140,14,33.908911,-84.179240,DORAVILLE STATION,MARTA-DORAVILLE,5.85
30327,"Fulton County, GA",138,14,33.869694,-84.417300,BUCKHEAD STATION,MARTA-BUCKHEAD,3.22
30288,"Clayton County, GA",134,13,33.652897,-84.327107,LAKEWOOD-FT MCPHERSON STATION,MARTA-LAKEWOOD-FT-MCPHERSON,6.71
30518,"Gwinnett County, GA",134,13,34.133822,-84.022599,DORAVILLE STATION,MARTA-DORAVILLE,21.77
30326,"Fulton County, GA",132,13,33.849615,-84.363508,BUCKHEAD STATION,MARTA-BUCKHEAD,0.27
30189,"Cherokee County, GA",126,13,34.124224,-84.570679,NORTH SPRINGS STATION,MARTA-NORTH-SPRINGS,17.41
30141,"Paulding County, GA",124,12,33.860444,-84.769846,HAMILTON E HOLMES STATION,MARTA-HAMILTON-E-HOLMES,18.73
30519,"Gwinnett County, GA",124,12,34.087410,-83.945059,DORAVILLE STATION,MARTA-DORAVILLE,23.09
30259,"Coweta County, GA",122,12,33.265699,-84.741743,AIRPORT STATION,MARTA-AIRPORT,31.00
30019,"Gwinnett County, GA",121,12,33.975634,-83.883769,DORAVILLE STATION,MARTA-DORAVILLE,23.32
30046,"Gwinnett County, GA",120,12,33.949702,-83.993451,DORAVILLE STATION,MARTA-DORAVILLE,16.80
30116,"Carroll County, GA",120,12,33.539118,-84.995610,AIRPORT STATION,MARTA-AIRPORT,32.39
30017,"Gwinnett County, GA",117,12,33.888722,-83.963687,INDIAN CREEK STATION,MARTA-INDIAN-CREEK,17.32
30340,"DeKalb County, GA",117,12,33.897873,-84.252804,DORAVILLE STATION,MARTA-DORAVILLE,1.64
30120,"Bartow County, GA",115,12,34.175229,-84.860036,NORTH SPRINGS STATION,MARTA-NORTH-SPRINGS,32.89
30281,"Clayton County, GA",115,12,33.556897,-84.195159,INDIAN CREEK STATION,MARTA-INDIAN-CREEK,14.85
30215,"Clayton County, GA",114,11,33.391613,-84.456432,AIRPORT STATION,MARTA-AIRPORT,17.21
30005,"Fulton County, GA",112,11,34.089050,-84.217019,NORTH SPRINGS STATION,MARTA-NORTH-SPRINGS,12.81
30092,"Gwinnett County, GA",112,11,33.972386,-84.231986,DORAVILLE STATION,MARTA-DORAVILLE,5.58
30117,"Carroll County, GA",112,11,33.581851,-85.132439,COLLEGE PARK STATION,MARTA-COLLEGE-PARK,39.63
30220,"Coweta County, GA",112,11,33.230839,-84.824860,AIRPORT STATION,MARTA-AIRPORT,35.75
30187,"Douglas County, GA",111,11,33.652761,-84.856249,HAMILTON E HOLMES STATION,MARTA-HAMILTON-E-HOLMES,23.31
30313,"Fulton County, GA",109,11,33.763613,-84.397670,DOME-GWCC-PHILIPS ARENA-CNN STATION,MARTA-DOME-GWCC-PHILIPS-ARENA-CNN,0.51
30906,"Richmond County, GA",103,10,33.346732,-81.967703,INDIAN CREEK STATION,MARTA-INDIAN-CREEK,133.46
30240,"Troup County, GA",100,10,33.036764,-85.120092,AIRPORT STATION,MARTA-AIRPORT,57.04
30292,"Pike County, GA",94,9,33.168489,-84.393225,AIRPORT STATION,MARTA-AIRPORT,32.76
30680,"Barrow County, GA",91,9,33.995173,-83.697488,DORAVILLE STATION,MARTA-DORAVILLE,34.04
30134,"Paulding County, GA",88,9,33.777520,-84.781390,HAMILTON E HOLMES STATION,MARTA-HAMILTON-E-HOLMES,17.98
30180,"Douglas County, GA",84,8,33.718878,-84.918801,HAMILTON E HOLMES STATION,MARTA-HAMILTON-E-HOLMES,25.93
30307,"Fulton County, GA",81,8,33.771079,-84.333600,EDGEWOOD-CANDLER PARK STATION,MARTA-EDGEWOOD-CANDLER-PARK,0.76
30102,"Cherokee County, GA",79,8,34.101625,-84.645168,NORTH SPRINGS STATION,MARTA-NORTH-SPRINGS,19.73
30121,"Bartow County, GA",78,8,34.211854,-84.776930,NORTH SPRINGS STATION,MARTA-NORTH-SPRINGS,30.29
30286,"Upson County, GA",78,8,32.881118,-84.333168,AIRPORT STATION,MARTA-AIRPORT,52.88
30024,"Forsyth County, GA",77,8,34.063485,-84.091100,DORAVILLE STATION,MARTA-DORAVILLE,15.55
30097,"Fulton County, GA",77,8,34.026335,-84.145677,DORAVILLE STATION,MARTA-DORAVILLE,11.54
30097,"Gwinnett County, GA",76,8,34.026335,-84.145677,DORAVILLE STATION,MARTA-DORAVILLE,11.54
30306,"DeKalb County, GA",75,8,33.788140,-84.352625,EDGEWOOD-CANDLER PARK STATION,MARTA-EDGEWOOD-CANDLER-PARK,1.94
30071,"Gwinnett County, GA",74,7,33.940652,-84.206734,DORAVILLE STATION,MARTA-DORAVILLE,5.00
31029,"Monroe County, GA",74,7,33.043571,-83.935350,AIRPORT STATION,MARTA-AIRPORT,50.70
30002,"DeKalb County, GA",72,7,33.773335,-84.261667,KENSINGTON STATION,MARTA-KENSINGTON,0.56
30087,"Gwinnett County, GA",72,7,33.791402,-84.098277,INDIAN CREEK STATION,MARTA-INDIAN-CREEK,7.68
30268,"Coweta County, GA",72,7,33.546430,-84.722632,AIRPORT STATION,MARTA-AIRPORT,17.19
30241,"Troup County, GA",71,7,33.021712,-84.956230,AIRPORT STATION,MARTA-AIRPORT,51.91
30303,"Fulton County, GA",70,7,33.752845,-84.390226,FIVE POINTS STATION,MARTA-FIVE-POINTS,0.11
30102,"Cobb County, GA",69,7,34.101625,-84.645168,NORTH SPRINGS STATION,MARTA-NORTH-SPRINGS,19.73
30363,"Fulton County, GA",69,7,33.791478,-84.398892,ARTS CENTER STATION,MARTA-ARTS-CENTER,0.68
30205,"Fayette County, GA",68,7,33.267427,-84.475116,AIRPORT STATION,MARTA-AIRPORT,25.83
30236,"Henry County, GA",68,7,33.519927,-84.325187,AIRPORT STATION,MARTA-AIRPORT,10.86
30288,"DeKalb County, GA",68,7,33.652897,-84.327107,LAKEWOOD-FT MCPHERSON STATION,MARTA-LAKEWOOD-FT-MCPHERSON,6.71
30009,"Fulton County, GA",65,7,34.078136,-84.303424,NORTH SPRINGS STATION,MARTA-NORTH-SPRINGS,9.72
30204,"Lamar County, GA",65,7,33.056208,-84.121725,AIRPORT STATION,MARTA-AIRPORT,44.51
30813,"Columbia County, GA",65,7,33.466744,-82.228209,INDIAN CREEK STATION,MARTA-INDIAN-CREEK,117.03
30028,"Forsyth County, GA",63,6,34.293159,-84.175907,NORTH SPRINGS STATION,MARTA-NORTH-SPRINGS,26.22
30052,"Walton County, GA",63,6,33.817047,-83.897315,INDIAN CREEK STATION,MARTA-INDIAN-CREEK,19.34
30809,"Columbia County, GA",62,6,33.558527,-82.171185,INDIAN CREEK STATION,MARTA-INDIAN-CREEK,119.26
30230,"Troup County, GA",61,6,33.166737,-84.920497,AIRPORT STATION,MARTA-AIRPORT,42.66
30534,"Dawson County, GA",60,6,34.431100,-84.144329,NORTH SPRINGS STATION,MARTA-NORTH-SPRINGS,35.75
30360,"DeKalb County, GA",59,6,33.933885,-84.272034,DORAVILLE STATION,MARTA-DORAVILLE,2.22
30054,"Newton County, GA",57,6,33.678353,-83.882960,INDIAN CREEK STATION,MARTA-INDIAN-CREEK,20.89
31907,"Muscogee County, GA",57,6,32.484404,-84.899945,AIRPORT STATION,MARTA-AIRPORT,84.09
30084,"Gwinnett County, GA",55,6,33.854097,-84.216155,DORAVILLE STATION,MARTA-DORAVILLE,5.00
30909,"Richmond County, GA",53,5,33.470481,-82.083045,INDIAN CREEK STATION,MARTA-INDIAN-CREEK,125.21
30075,"Cobb County, GA",52,5,34.052688,-84.391587,NORTH SPRINGS STATION,MARTA-NORTH-SPRINGS,7.72
30127,"Paulding County, GA",52,5,33.875084,-84.699340,HAMILTON E HOLMES STATION,MARTA-HAMILTON-E-HOLMES,15.60
30257,"Lamar County, GA",52,5,33.143414,-84.186220,AIRPORT STATION,MARTA-AIRPORT,37.48
30815,"Richmond County, GA",52,5,33.284927,-82.072213,INDIAN CREEK STATION,MARTA-INDIAN-CREEK,128.68
30655,"Walton County, GA",51,5,33.780196,-83.692512,INDIAN CREEK STATION,MARTA-INDIAN-CREEK,30.84
30206,"Pike County, GA",49,5,33.096064,-84.458259,AIRPORT STATION,MARTA-AIRPORT,37.63
30101,"Paulding County, GA",47,5,34.034515,-84.707349,NORTH SPRINGS STATION,MARTA-NORTH-SPRINGS,20.99
30143,"Pickens County, GA",47,5,34.462756,-84.425227,NORTH SPRINGS STATION,MARTA-NORTH-SPRINGS,36.01
30179,"Carroll County, GA",47,5,33.781553,-85.014782,HAMILTON E HOLMES STATION,MARTA-HAMILTON-E-HOLMES,31.37
30295,"Pike County, GA",47,5,33.090342,-84.317583,AIRPORT STATION,MARTA-AIRPORT,38.73
30222,"Meriwether County, GA",46,5,33.037153,-84.734670,AIRPORT STATION,MARTA-AIRPORT,44.89
30542,"Hall County, GA",46,5,34.179847,-83.910081,DORAVILLE STATION,MARTA-DORAVILLE,28.59
30217,"Heard County, GA",45,5,33.291347,-85.137886,AIRPORT STATION,MARTA-AIRPORT,46.60
30507,"Hall County, GA",44,4,34.264685,-83.769391,DORAVILLE STATION,MARTA-DORAVILLE,38.50
30501,"Hall County, GA",43,4,34.319037,-83.814399,DORAVILLE STATION,MARTA-DORAVILLE,39.24
30907,"Columbia County, GA",43,4,33.523712,-82.085665,INDIAN CREEK STATION,MARTA-INDIAN-CREEK,124.47
30504,"Hall County, GA",41,4,34.266502,-83.888646,DORAVILLE STATION,MARTA-DORAVILLE,33.70
31088,"Houston County, GA",41,4,32.586171,-83.655082,AIRPORT STATION,MARTA-AIRPORT,86.04
30506,"Hall County, GA",40,4,34.346938,-83.895627,DORAVILLE STATION,MARTA-DORAVILLE,37.79
30606,"Clarke County, GA",40,4,33.940299,-83.433583,INDIAN CREEK STATION,MARTA-INDIAN-CREEK,47.16
30281,"Rockdale County, GA",39,4,33.556897,-84.195159,INDIAN CREEK STATION,MARTA-INDIAN-CREEK,14.85
30319,"Fulton County, GA",39,4,33.875954,-84.334763,BROOKHAVEN-OGLETHORPE STATION,MARTA-BROOKHAVEN-OGLETHORPE,1.12
30605,"Clarke County, GA",39,4,33.904289,-83.325592,INDIAN CREEK STATION,MARTA-INDIAN-CREEK,52.69
30346,"DeKalb County, GA",38,4,33.924277,-84.338809,DUNWOODY STATION,MARTA-DUNWOODY,0.39
31210,"Bibb County, GA",38,4,32.907633,-83.735052,AIRPORT STATION,MARTA-AIRPORT,65.21
31904,"Muscogee County, GA",37,4,32.554340,-85.009469,AIRPORT STATION,MARTA-AIRPORT,81.83
30324,"DeKalb County, GA",36,4,33.818405,-84.358175,LINDBERGH CENTER STATION,MARTA-LINDBERGH-CENTER,0.73
31419,"Chatham County, GA",36,4,31.984562,-81.236950,INDIAN CREEK STATION,MARTA-INDIAN-CREEK,212.98
30336,"Fulton County, GA",35,4,33.735444,-84.568978,HAMILTON E HOLMES STATION,MARTA-HAMILTON-E-HOLMES,5.86
31204,"Bibb County, GA",35,4,32.848511,-83.674745,AIRPORT STATION,MARTA-AIRPORT,70.58
30079,"DeKalb County, GA",34,3,33.791739,-84.260747,KENSINGTON STATION,MARTA-KENSINGTON,1.41
30107,"Cherokee County, GA",32,3,34.336098,-84.345464,NORTH SPRINGS STATION,MARTA-NORTH-SPRINGS,27.05
30276,"Fayette County, GA",32,3,33.263314,-84.583456,AIRPORT STATION,MARTA-AIRPORT,27.24
31909,"Muscogee County, GA",31,3,32.548807,-84.924106,AIRPORT STATION,MARTA-AIRPORT,80.35
30011,"Barrow County, GA",30,3,34.019859,-83.837163,DORAVILLE STATION,MARTA-DORAVILLE,26.69
30011,"Gwinnett County, GA",30,3,34.019859,-83.837163,DORAVILLE STATION,MARTA-DORAVILLE,26.69
30103,"Bartow County, GA",30,3,34.363242,-84.920192,NORTH SPRINGS STATION,MARTA-NORTH-SPRINGS,43.27
30161,"Floyd County, GA",30,3,34.236230,-85.173993,NORTH SPRINGS STATION,MARTA-NORTH-SPRINGS,50.89
30258,"Pike County, GA",30,3,32.990854,-84.470041,AIRPORT STATION,MARTA-AIRPORT,44.91
30004,"Forsyth County, GA",29,3,34.145635,-84.291881,NORTH SPRINGS STATION,MARTA-NORTH-SPRINGS,14.38
30233,"Henry County, GA",29,3,33.294709,-83.975561,INDIAN CREEK STATION,MARTA-INDIAN-CREEK,35.94
30238,"Fayette County, GA",29,3,33.501846,-84.382236,AIRPORT STATION,MARTA-AIRPORT,10.27
30165,"Floyd County, GA",28,3,34.315788,-85.295122,NORTH SPRINGS STATION,MARTA-NORTH-SPRINGS,59.45
30251,"Meriwether County, GA",28,3,33.198174,-84.698112,AIRPORT STATION,MARTA-AIRPORT,33.84
30549,"Jackson County, GA",28,3,34.107959,-83.577478,DORAVILLE STATION,MARTA-DORAVILLE,42.71
31061,"Baldwin County, GA",28,3,33.059054,-83.226413,INDIAN CREEK STATION,MARTA-INDIAN-CREEK,75.88
30102,"Bartow County, GA",27,3,34.101625,-84.645168,NORTH SPRINGS STATION,MARTA-NORTH-SPRINGS,19.73
30904,"Richmond County, GA",27,3,33.478289,-82.014102,INDIAN CREEK STATION,MARTA-INDIAN-CREEK,129.03
30218,"Meriwether County, GA",26,3,33.120297,-84.587455,AIRPORT STATION,MARTA-AIRPORT,36.86
30185,"Carroll County, GA",25,3,33.519802,-84.918098,AIRPORT STATION,MARTA-AIRPORT,28.42
30256,"Pike County, GA",25,3,33.007484,-84.309900,AIRPORT STATION,MARTA-AIRPORT,44.44
30656,"Walton County, GA",25,3,33.862137,-83.716175,INDIAN CREEK STATION,MARTA-INDIAN-CREEK,30.14
31405,"Chatham County, GA",25,3,32.039385,-81.179169,INDIAN CREEK STATION,MARTA-INDIAN-CREEK,213.53
30506,"Forsyth County, GA",24,2,34.346938,-83.895627,DORAVILLE STATION,MARTA-DORAVILLE,37.79
31206,"Bibb County, GA",24,2,32.793366,-83.684573,AIRPORT STATION,MARTA-AIRPORT,73.24
30005,"Forsyth County, GA",23,2,34.089050,-84.217019,NORTH SPRINGS STATION,MARTA-NORTH-SPRINGS,12.81
30620,"Barrow County, GA",23,2,33.929472,-83.758457,INDIAN CREEK STATION,MARTA-INDIAN-CREEK,29.19
31093,"Houston County, GA",23,2,32.647873,-83.657206,AIRPORT STATION,MARTA-AIRPORT,82.39
31313,"Liberty County, GA",23,2,31.836598,-81.616774,INDIAN CREEK STATION,MARTA-INDIAN-CREEK,202.13
31324,"Bryan County, GA",23,2,31.850203,-81.264824,INDIAN CREEK STATION,MARTA-INDIAN-CREEK,217.31
30025,"Newton County, GA",22,2,33.655983,-83.695765,INDIAN CREEK STATION,MARTA-INDIAN-CREEK,31.66
30184,"Bartow County, GA",22,2,34.252062,-84.741056,NORTH SPRINGS STATION,MARTA-NORTH-SPRINGS,30.55
30540,"Gilmer County, GA",22,2,34.728127,-84.543528,NORTH SPRINGS STATION,MARTA-NORTH-SPRINGS,55.17
30125,"Polk County, GA",21,2,34.000642,-85.276805,HAMILTON E HOLMES STATION,MARTA-HAMILTON-E-HOLMES,49.33
31906,"Muscogee County, GA",21,2,32.467811,-84.950173,AIRPORT STATION,MARTA-AIRPORT,86.12
30635,"Elbert County, GA",20,2,34.105769,-82.793148,INDIAN CREEK STATION,MARTA-INDIAN-CREEK,85.54
31005,"Houston County, GA",20,2,32.544622,-83.593676,AIRPORT STATION,MARTA-AIRPORT,90.38
31021,"Laurens County, GA",20,2,32.489539,-82.934985,INDIAN CREEK STATION,MARTA-INDIAN-CREEK,115.91
31069,"Houston County, GA",20,2,32.440068,-83.748603,AIRPORT STATION,MARTA-AIRPORT,92.26
31601,"Lowndes County, GA",20,2,30.775522,-83.333600,AIRPORT STATION,MARTA-AIRPORT,208.36
30153,"Polk County, GA",19,2,33.973822,-85.052856,HAMILTON E HOLMES STATION,MARTA-HAMILTON-E-HOLMES,36.73
30216,"Butts County, GA",19,2,33.228834,-83.884863,INDIAN CREEK STATION,MARTA-INDIAN-CREEK,42.33
30273,"Henry County, GA",19,2,33.583798,-84.271027,AIRPORT STATION,MARTA-AIRPORT,10.82
30293,"Meriwether County, GA",19,2,32.979078,-84.596302,AIRPORT STATION,MARTA-AIRPORT,46.52
30548,"Gwinnett County, GA",19,2,34.089396,-83.763599,DORAVILLE STATION,MARTA-DORAVILLE,32.32
30224,"Pike County, GA",18,2,33.204432,-84.239735,AIRPORT STATION,MARTA-AIRPORT,32.40
30292,"Spalding County, GA",18,2,33.168489,-84.393225,AIRPORT STATION,MARTA-AIRPORT,32.76
30736,"Catoosa County, GA",18,2,34.902401,-85.134056,NORTH SPRINGS STATION,MARTA-NORTH-SPRINGS,79.62
30901,"Richmond County, GA",18,2,33.437213,-81.956156,INDIAN CREEK STATION,MARTA-INDIAN-CREEK,132.82
30179,"Paulding County, GA",17,2,33.781553,-85.014782,HAMILTON E HOLMES STATION,MARTA-HAMILTON-E-HOLMES,31.37
30233,"Monroe County, GA",17,2,33.294709,-83.975561,INDIAN CREEK STATION,MARTA-INDIAN-CREEK,35.94
30533,"Lumpkin County, GA",17,2,34.570958,-84.013764,NORTH SPRINGS STATION,MARTA-NORTH-SPRINGS,47.51
31024,"Putnam County, GA",17,2,33.322978,-83.370015,INDIAN CREEK STATION,MARTA-INDIAN-CREEK,58.33
31404,"Chatham County, GA",17,2,32.050750,-81.052961,INDIAN CREEK STATION,MARTA-INDIAN-CREEK,219.20
30025,"Walton County, GA",16,2,33.655983,-83.695765,INDIAN CREEK STATION,MARTA-INDIAN-CREEK,31.66
30168,"Douglas County, GA",16,2,33.783542,-84.588106,HAMILTON E HOLMES STATION,MARTA-HAMILTON-E-HOLMES,7.10
30332,"Fulton County, GA",16,2,33.777618,-84.404348,MIDTOWN STATION,MARTA-MIDTOWN,1.06
30528,"White County, GA",16,2,34.609088,-83.775997,NORTH SPRINGS STATION,MARTA-NORTH-SPRINGS,56.65
30701,"Gordon County, GA",16,2,34.494395,-84.954177,NORTH SPRINGS STATION,MARTA-NORTH-SPRINGS,51.05
30721,"Whitfield County, GA",16,2,34.792977,-84.908686,NORTH SPRINGS STATION,MARTA-NORTH-SPRINGS,66.52
31220,"Bibb County, GA",16,2,32.884462,-83.818148,AIRPORT STATION,MARTA-AIRPORT,63.61
31322,"Chatham County, GA",16,2,32.101989,-81.255379,INDIAN CREEK STATION,MARTA-INDIAN-CREEK,207.40
31525,"Glynn County, GA",16,2,31.320999,-81.526440,INDIAN CREEK STATION,MARTA-INDIAN-CREEK,231.09
31548,"Camden County, GA",16,2,30.795840,-81.712363,INDIAN CREEK STATION,MARTA-INDIAN-CREEK,252.65
31816,"Meriwether County, GA",16,2,32.878917,-84.601311,AIRPORT STATION,MARTA-AIRPORT,53.38
31903,"Muscogee County, GA",16,2,32.416037,-84.952525,AIRPORT STATION,MARTA-AIRPORT,89.55
30340,"Gwinnett County, GA",15,2,33.897873,-84.252804,DORAVILLE STATION,MARTA-DORAVILLE,1.64
30601,"Clarke County, GA",15,2,33.999151,-83.346993,INDIAN CREEK STATION,MARTA-INDIAN-CREEK,53.03
30677,"Oconee County, GA",15,2,33.783202,-83.373342,INDIAN CREEK STATION,MARTA-INDIAN-CREEK,49.17
30824,"McDuffie County, GA",15,2,33.512953,-82.514855,INDIAN CREEK STATION,MARTA-INDIAN-CREEK,100.21
31047,"Houston County, GA",15,2,32.466866,-83.580995,AIRPORT STATION,MARTA-AIRPORT,95.32
31312,"Effingham County, GA",15,2,32.318665,-81.400964,INDIAN CREEK STATION,MARTA-INDIAN-CREEK,192.05
30108,"Carroll County, GA",14,1,33.531700,-85.262996,COLLEGE PARK STATION,MARTA-COLLEGE-PARK,47.58
30183,"Cherokee County, GA",14,1,34.338804,-84.602425,NORTH SPRINGS STATION,MARTA-NORTH-SPRINGS,30.63
30577,"Stephens County, GA",14,1,34.556243,-83.328905,DORAVILLE STATION,MARTA-DORAVILLE,70.69
31027,"Laurens County, GA",14,1,32.571946,-82.822614,INDIAN CREEK STATION,MARTA-INDIAN-CREEK,116.06
31211,"Bibb County, GA",14,1,32.904267,-83.598526,INDIAN CREEK STATION,MARTA-INDIAN-CREEK,70.02
31406,"Chatham County, GA",14,1,31.980404,-81.085184,INDIAN CREEK STATION,MARTA-INDIAN-CREEK,220.38
31408,"Chatham County, GA",14,1,32.104130,-81.181052,INDIAN CREEK STATION,MARTA-INDIAN-CREEK,210.92
30039,"DeKalb County, GA",13,1,33.799244,-84.034408,INDIAN CREEK STATION,MARTA-INDIAN-CREEK,11.38
30153,"Paulding County, GA",13,1,33.973822,-85.052856,HAMILTON E HOLMES STATION,MARTA-HAMILTON-E-HOLMES,36.73
30175,"Pickens County, GA",13,1,34.534915,-84.526711,NORTH SPRINGS STATION,MARTA-NORTH-SPRINGS,41.92
30180,"Paulding County, GA",13,1,33.718878,-84.918801,HAMILTON E HOLMES STATION,MARTA-HAMILTON-E-HOLMES,25.93
30234,"Butts County, GA",13,1,33.332567,-84.025298,AIRPORT STATION,MARTA-AIRPORT,32.27
30666,"Barrow County, GA",13,1,33.962087,-83.584602,INDIAN CREEK STATION,MARTA-INDIAN-CREEK,39.30
30705,"Murray County, GA",13,1,34.747542,-84.748401,NORTH SPRINGS STATION,MARTA-NORTH-SPRINGS,59.79
30907,"Richmond County, GA",13,1,33.523712,-82.085665,INDIAN CREEK STATION,MARTA-INDIAN-CREEK,124.47
31030,"Peach County, GA",13,1,32.568973,-83.891880,AIRPORT STATION,MARTA-AIRPORT,80.69
31216,"Bibb County, GA",13,1,32.732373,-83.671449,AIRPORT STATION,MARTA-AIRPORT,77.10
31602,"Lowndes County, GA",13,1,30.868160,-83.342350,AIRPORT STATION,MARTA-AIRPORT,202.12
30228,"Spalding County, GA",12,1,33.400608,-84.307728,AIRPORT STATION,MARTA-AIRPORT,18.40
30250,"Clayton County, GA",12,1,33.434846,-84.306078,AIRPORT STATION,MARTA-AIRPORT,16.34
30512,"Union County, GA",12,1,34.856753,-83.967998,NORTH SPRINGS STATION,MARTA-NORTH-SPRINGS,66.81
30529,"Jackson County, GA",12,1,34.217179,-83.482653,DORAVILLE STATION,MARTA-DORAVILLE,50.60
30643,"Hart County, GA",12,1,34.365452,-82.911872,DORAVILLE STATION,MARTA-DORAVILLE,84.57
30650,"Morgan County, GA",12,1,33.590645,-83.467554,INDIAN CREEK STATION,MARTA-INDIAN-CREEK,45.52
30720,"Whitfield County, GA",12,1,34.733645,-85.000824,NORTH SPRINGS STATION,MARTA-NORTH-SPRINGS,65.72
31032,"Jones County, GA",12,1,33.011996,-83.573289,INDIAN CREEK STATION,MARTA-INDIAN-CREEK,64.61
31046,"Monroe County, GA",12,1,33.054336,-83.796088,AIRPORT STATION,MARTA-AIRPORT,55.21
31407,"Chatham County, GA",12,1,32.183218,-81.197935,INDIAN CREEK STATION,MARTA-INDIAN-CREEK,207.09
30072,"DeKalb County, GA",11,1,33.791410,-84.204844,INDIAN CREEK STATION,MARTA-INDIAN-CREEK,2.05
30220,"Meriwether County, GA",11,1,33.230839,-84.824860,AIRPORT STATION,MARTA-AIRPORT,35.75
30517,"Hall County, GA",11,1,34.130296,-83.797289,DORAVILLE STATION,MARTA-DORAVILLE,31.85
30642,"Greene County, GA",11,1,33.544289,-83.183971,INDIAN CREEK STATION,MARTA-INDIAN-CREEK,62.11
30905,"Richmond County, GA",11,1,33.411494,-82.149106,INDIAN CREEK STATION,MARTA-INDIAN-CREEK,122.26
31008,"Peach County, GA",11,1,32.665355,-83.786087,AIRPORT STATION,MARTA-AIRPORT,77.45
31217,"Bibb County, GA",11,1,32.844147,-83.500044,INDIAN CREEK STATION,MARTA-INDIAN-CREEK,76.58
31401,"Chatham County, GA",11,1,32.068296,-81.092835,INDIAN CREEK STATION,MARTA-INDIAN-CREEK,216.58
31558,"Camden County, GA",11,1,30.802289,-81.507674,INDIAN CREEK STATION,MARTA-INDIAN-CREEK,259.43
30230,"Heard County, GA",10,1,33.166737,-84.920497,AIRPORT STATION,MARTA-AIRPORT,42.66
30248,"Spalding County, GA",10,1,33.350460,-84.109119,AIRPORT STATION,MARTA-AIRPORT,27.91
30554,"Hall County, GA",10,1,34.398088,-83.661905,DORAVILLE STATION,MARTA-DORAVILLE,49.24
30747,"Chattooga County, GA",10,1,34.504087,-85.292786,NORTH SPRINGS STATION,MARTA-NORTH-SPRINGS,65.96
31087,"Hancock County, GA",10,1,33.251362,-83.001031,INDIAN CREEK STATION,MARTA-INDIAN-CREEK,79.32
31326,"Effingham County, GA",10,1,32.296613,-81.222653,INDIAN CREEK STATION,MARTA-INDIAN-CREEK,201.72
31522,"Glynn County, GA",10,1,31.257252,-81.342026,INDIAN CREEK STATION,MARTA-INDIAN-CREEK,241.72
31705,"Dougherty County, GA",10,1,31.516890,-84.042942,AIRPORT STATION,MARTA-AIRPORT,148.60
31763,"Lee County, GA",10,1,31.736137,-84.148186,AIRPORT STATION,MARTA-AIRPORT,132.72
31792,"Thomas County, GA",10,1,30.765554,-84.043154,AIRPORT STATION,MARTA-AIRPORT,200.04
31794,"Tift County, GA",10,1,31.445872,-83.452667,AIRPORT STATION,MARTA-AIRPORT,162.30
31808,"Harris County, GA",10,1,32.631610,-85.010550,AIRPORT STATION,MARTA-AIRPORT,76.98
31820,"Muscogee County, GA",10,1,32.575774,-84.829099,AIRPORT STATION,MARTA-AIRPORT,76.83
31830,"Meriwether County, GA",10,1,32.900708,-84.729063,AIRPORT STATION,MARTA-AIRPORT,53.67
30054,"Walton County, GA",9,1,33.678353,-83.882960,INDIAN CREEK STATION,MARTA-INDIAN-CREEK,20.89
30097,"Forsyth County, GA",9,1,34.026335,-84.145677,DORAVILLE STATION,MARTA-DORAVILLE,11.54
30178,"Bartow County, GA",9,1,34.095453,-84.971074,NORTH SPRINGS STATION,MARTA-NORTH-SPRINGS,36.66
30338,"Fulton County, GA",9,1,33.946218,-84.318119,SANDY SPRINGS STATION,MARTA-SANDY-SPRINGS,2.14
30360,"Gwinnett County, GA",9,1,33.933885,-84.272034,DORAVILLE STATION,MARTA-DORAVILLE,2.22
30458,"Bulloch County, GA",9,1,32.399447,-81.828940,INDIAN CREEK STATION,MARTA-INDIAN-CREEK,168.15
30548,"Jackson County, GA",9,1,34.089396,-83.763599,DORAVILLE STATION,MARTA-DORAVILLE,32.32
30707,"Walker County, GA",9,1,34.778911,-85.365300,NORTH SPRINGS STATION,MARTA-NORTH-SPRINGS,81.41
30741,"Walker County, GA",9,1,34.952695,-85.281295,NORTH SPRINGS STATION,MARTA-NORTH-SPRINGS,87.31
30753,"Chattooga County, GA",9,1,34.582280,-85.285800,NORTH SPRINGS STATION,MARTA-NORTH-SPRINGS,68.94
31410,"Chatham County, GA",9,1,32.014884,-80.988234,INDIAN CREEK STATION,MARTA-INDIAN-CREEK,223.73
31707,"Dougherty County, GA",9,1,31.586919,-84.206431,AIRPORT STATION,MARTA-AIRPORT,142.58
31768,"Colquitt County, GA",9,1,31.189103,-83.841107,AIRPORT STATION,MARTA-AIRPORT,173.02
31804,"Harris County, GA",9,1,32.664402,-84.878409,AIRPORT STATION,MARTA-AIRPORT,71.93
30004,"Cherokee County, GA",8,1,34.145635,-84.291881,NORTH SPRINGS STATION,MARTA-NORTH-SPRINGS,14.38
30145,"Bartow County, GA",8,1,34.245660,-84.985878,NORTH SPRINGS STATION,MARTA-NORTH-SPRINGS,41.55
30170,"Carroll County, GA",8,1,33.432792,-85.164674,AIRPORT STATION,MARTA-AIRPORT,43.80
30171,"Bartow County, GA",8,1,34.363353,-84.727435,NORTH SPRINGS STATION,MARTA-NORTH-SPRINGS,35.84
30205,"Spalding County, GA",8,1,33.267427,-84.475116,AIRPORT STATION,MARTA-AIRPORT,25.83
30224,"Lamar County, GA",8,1,33.204432,-84.239735,AIRPORT STATION,MARTA-AIRPORT,32.40
30234,"Henry County, GA",8,1,33.332567,-84.025298,AIRPORT STATION,MARTA-AIRPORT,32.27
30276,"Meriwether County, GA",8,1,33.263314,-84.583456,AIRPORT STATION,MARTA-AIRPORT,27.24
30523,"Habersham County, GA",8,1,34.713154,-83.551309,DORAVILLE STATION,MARTA-DORAVILLE,69.79
30566,"Hall County, GA",8,1,34.238652,-83.896845,DORAVILLE STATION,MARTA-DORAVILLE,31.97
30607,"Jackson County, GA",8,1,34.017305,-83.447551,INDIAN CREEK STATION,MARTA-INDIAN-CREEK,47.99
30633,"Madison County, GA",8,1,34.180903,-83.249172,DORAVILLE STATION,MARTA-DORAVILLE,62.12
30662,"Franklin County, GA",8,1,34.266966,-83.137564,DORAVILLE STATION,MARTA-DORAVILLE,70.10
30673,"Wilkes County, GA",8,1,33.728090,-82.716244,INDIAN CREEK STATION,MARTA-INDIAN-CREEK,86.98
30728,"Walker County, GA",8,1,34.684875,-85.225790,NORTH SPRINGS STATION,MARTA-NORTH-SPRINGS,71.22
30814,"Columbia County, GA",8,1,33.431091,-82.318849,INDIAN CREEK STATION,MARTA-INDIAN-CREEK,112.41
31015,"Crisp County, GA",8,1,31.943011,-83.778608,AIRPORT STATION,MARTA-AIRPORT,123.53
31201,"Bibb County, GA",8,1,32.806321,-83.617860,AIRPORT STATION,MARTA-AIRPORT,74.93
31316,"Long County, GA",8,1,31.719283,-81.733272,INDIAN CREEK STATION,MARTA-INDIAN-CREEK,202.76
31520,"Glynn County, GA",8,1,31.178078,-81.487563,INDIAN CREEK STATION,MARTA-INDIAN-CREEK,240.00
31719,"Sumter County, GA",8,1,32.090308,-84.310747,AIRPORT STATION,MARTA-AIRPORT,107.40
39828,"Grady County, GA",8,1,30.798590,-84.226723,AIRPORT STATION,MARTA-AIRPORT,196.78
30013,"Newton County, GA",7,1,33.642603,-83.971853,INDIAN CREEK STATION,MARTA-INDIAN-CREEK,17.22
30055,"Newton County, GA",7,1,33.497411,-83.749784,INDIAN CREEK STATION,MARTA-INDIAN-CREEK,33.40
30107,"Forsyth County, GA",7,1,34.336098,-84.345464,NORTH SPRINGS STATION,MARTA-NORTH-SPRINGS,27.05
30110,"Haralson County, GA",7,1,33.739243,-85.135434,HAMILTON E HOLMES STATION,MARTA-HAMILTON-E-HOLMES,38.27
30157,"Cobb County, GA",7,1,33.884746,-84.871949,HAMILTON E HOLMES STATION,MARTA-HAMILTON-E-HOLMES,24.79
30230,"Coweta County, GA",7,1,33.166737,-84.920497,AIRPORT STATION,MARTA-AIRPORT,42.66
30230,"Meriwether County, GA",7,1,33.166737,-84.920497,AIRPORT STATION,MARTA-AIRPORT,42.66
30233,"Lamar County, GA",7,1,33.294709,-83.975561,INDIAN CREEK STATION,MARTA-INDIAN-CREEK,35.94
30257,"Pike County, GA",7,1,33.143414,-84.186220,AIRPORT STATION,MARTA-AIRPORT,37.48
30517,"Gwinnett County, GA",7,1,34.130296,-83.797289,DORAVILLE STATION,MARTA-DORAVILLE,31.85
30517,"Jackson County, GA",7,1,34.130296,-83.797289,DORAVILLE STATION,MARTA-DORAVILLE,31.85
30531,"Habersham County, GA",7,1,34.512602,-83.592206,DORAVILLE STATION,MARTA-DORAVILLE,57.66
30534,"Forsyth County, GA",7,1,34.431100,-84.144329,NORTH SPRINGS STATION,MARTA-NORTH-SPRINGS,35.75
30536,"Gilmer County, GA",7,1,34.652002,-84.359442,NORTH SPRINGS STATION,MARTA-NORTH-SPRINGS,48.87
30567,"Jackson County, GA",7,1,34.180798,-83.676554,DORAVILLE STATION,MARTA-DORAVILLE,39.58
30802,"Columbia County, GA",7,1,33.601366,-82.299936,INDIAN CREEK STATION,MARTA-INDIAN-CREEK,111.54
31052,"Bibb County, GA",7,1,32.789015,-83.840075,AIRPORT STATION,MARTA-AIRPORT,68.48
31064,"Jasper County, GA",7,1,33.286454,-83.702299,INDIAN CREEK STATION,MARTA-INDIAN-CREEK,45.14
31516,"Pierce County, GA",7,1,31.309371,-82.253260,INDIAN CREEK STATION,MARTA-INDIAN-CREEK,205.29
31822,"Troup County, GA",7,1,32.864979,-84.910348,AIRPORT STATION,MARTA-AIRPORT,59.92
31833,"Troup County, GA",7,1,32.842900,-85.091845,AIRPORT STATION,MARTA-AIRPORT,66.55
39823,"Early County, GA",7,1,31.333568,-84.947033,AIRPORT STATION,MARTA-AIRPORT,162.05
30094,"DeKalb County, GA",6,1,33.612505,-84.051523,INDIAN CREEK STATION,MARTA-INDIAN-CREEK,14.93
30137,"Bartow County, GA",6,1,34.116557,-84.765700,NORTH SPRINGS STATION,MARTA-NORTH-SPRINGS,26.23
30176,"Haralson County, GA",6,1,33.771314,-85.304390,HAMILTON E HOLMES STATION,MARTA-HAMILTON-E-HOLMES,47.97
30188,"Cobb County, GA",6,1,34.123533,-84.457654,NORTH SPRINGS STATION,MARTA-NORTH-SPRINGS,13.63
30339,"Fulton County, GA",6,1,33.867570,-84.464600,BUCKHEAD STATION,MARTA-BUCKHEAD,5.73
30518,"Hall County, GA",6,1,34.133822,-84.022599,DORAVILLE STATION,MARTA-DORAVILLE,21.77
30525,"Rabun County, GA",6,1,34.907223,-83.369347,DORAVILLE STATION,MARTA-DORAVILLE,86.71
30548,"Barrow County, GA",6,1,34.089396,-83.763599,DORAVILLE STATION,MARTA-DORAVILLE,32.32
30548,"Hall County, GA",6,1,34.089396,-83.763599,DORAVILLE STATION,MARTA-DORAVILLE,32.32
30563,"Habersham County, GA",6,1,34.558960,-83.461828,DORAVILLE STATION,MARTA-DORAVILLE,65.16
30564,"Hall County, GA",6,1,34.463965,-83.889312,NORTH SPRINGS STATION,MARTA-NORTH-SPRINGS,44.75
30606,"Oconee County, GA",6,1,33.940299,-83.433583,INDIAN CREEK STATION,MARTA-INDIAN-CREEK,47.16
30607,"Clarke County, GA",6,1,34.017305,-83.447551,INDIAN CREEK STATION,MARTA-INDIAN-CREEK,47.99
30620,"Gwinnett County, GA",6,1,33.929472,-83.758457,INDIAN CREEK STATION,MARTA-INDIAN-CREEK,29.19
30621,"Oconee County, GA",6,1,33.796813,-83.471175,INDIAN CREEK STATION,MARTA-INDIAN-CREEK,43.58
30646,"Madison County, GA",6,1,34.085682,-83.302513,INDIAN CREEK STATION,MARTA-INDIAN-CREEK,57.44
30828,"Warren County, GA",6,1,33.368038,-82.656312,INDIAN CREEK STATION,MARTA-INDIAN-CREEK,94.72
31028,"Houston County, GA",6,1,32.632840,-83.683930,AIRPORT STATION,MARTA-AIRPORT,82.42
31211,"Jones County, GA",6,1,32.904267,-83.598526,INDIAN CREEK STATION,MARTA-INDIAN-CREEK,70.02
31220,"Monroe County, GA",6,1,32.884462,-83.818148,AIRPORT STATION,MARTA-AIRPORT,63.61
31605,"Lowndes County, GA",6,1,30.932951,-83.221938,AIRPORT STATION,MARTA-AIRPORT,200.27
31721,"Dougherty County, GA",6,1,31.525260,-84.301465,AIRPORT STATION,MARTA-AIRPORT,146.40
31811,"Harris County, GA",6,1,32.737356,-84.937436,AIRPORT STATION,MARTA-AIRPORT,68.57
31905,"Muscogee County, GA",6,1,32.372789,-84.843361,AIRPORT STATION,MARTA-AIRPORT,90.57
30052,"Rockdale County, GA",5,1,33.817047,-83.897315,INDIAN CREEK STATION,MARTA-INDIAN-CREEK,19.34
30184,"Cherokee County, GA",5,1,34.252062,-84.741056,NORTH SPRINGS STATION,MARTA-NORTH-SPRINGS,30.55
30256,"Upson County, GA",5,1,33.007484,-84.309900,AIRPORT STATION,MARTA-AIRPORT,44.44
30461,"Bulloch County, GA",5,1,32.496955,-81.723101,INDIAN CREEK STATION,MARTA-INDIAN-CREEK,169.59
30510,"Habersham County, GA",5,1,34.444872,-83.570707,DORAVILLE STATION,MARTA-DORAVILLE,55.24
30513,"Fannin County, GA",5,1,34.821043,-84.322383,NORTH SPRINGS STATION,MARTA-NORTH-SPRINGS,60.58
30517,"Barrow County, GA",5,1,34.130296,-83.797289,DORAVILLE STATION,MARTA-DORAVILLE,31.85
30527,"Hall County, GA",5,1,34.480907,-83.781838,DORAVILLE STATION,MARTA-DORAVILLE,49.09
30535,"Habersham County, GA",5,1,34.573655,-83.574769,DORAVILLE STATION,MARTA-DORAVILLE,61.45
30543,"Hall County, GA",5,1,34.301301,-83.653747,DORAVILLE STATION,MARTA-DORAVILLE,45.24
30546,"Towns County, GA",5,1,34.908448,-83.717767,NORTH SPRINGS STATION,MARTA-NORTH-SPRINGS,75.91
30553,"Franklin County, GA",5,1,34.443759,-83.084067,DORAVILLE STATION,MARTA-DORAVILLE,77.97
30558,"Banks County, GA",5,1,34.264049,-83.566829,DORAVILLE STATION,MARTA-DORAVILLE,47.89
30628,"Madison County, GA",5,1,34.032089,-83.215974,INDIAN CREEK STATION,MARTA-INDIAN-CREEK,60.88
30629,"Madison County, GA",5,1,34.077983,-83.110367,INDIAN CREEK STATION,MARTA-INDIAN-CREEK,67.60
31031,"Wilkinson County, GA",5,1,32.866286,-83.328340,INDIAN CREEK STATION,MARTA-INDIAN-CREEK,81.27
31078,"Crawford County, GA",5,1,32.694814,-84.075661,AIRPORT STATION,MARTA-AIRPORT,68.77
31082,"Washington County, GA",5,1,32.996417,-82.903117,INDIAN CREEK STATION,MARTA-INDIAN-CREEK,93.33
31210,"Monroe County, GA",5,1,32.907633,-83.735052,AIRPORT STATION,MARTA-AIRPORT,65.21
31305,"McIntosh County, GA",5,1,31.367579,-81.378193,INDIAN CREEK STATION,MARTA-INDIAN-CREEK,234.74
31415,"Chatham County, GA",5,1,32.080640,-81.127217,INDIAN CREEK STATION,MARTA-INDIAN-CREEK,214.44
31510,"Bacon County, GA",5,1,31.546546,-82.433529,INDIAN CREEK STATION,MARTA-INDIAN-CREEK,185.76
31523,"Glynn County, GA",5,1,31.212645,-81.616811,INDIAN CREEK STATION,MARTA-INDIAN-CREEK,233.22
31632,"Lowndes County, GA",5,1,30.986260,-83.354900,AIRPORT STATION,MARTA-AIRPORT,194.15
31750,"Ben Hill County, GA",5,1,31.736465,-83.215037,AIRPORT STATION,MARTA-AIRPORT,149.77
31757,"Thomas County, GA",5,1,30.871395,-83.903125,AIRPORT STATION,MARTA-AIRPORT,193.94
30014,"Walton County, GA",4,1,33.587193,-83.822173,INDIAN CREEK STATION,MARTA-INDIAN-CREEK,26.60
30113,"Haralson County, GA",4,1,33.850746,-85.205308,HAMILTON E HOLMES STATION,MARTA-HAMILTON-E-HOLMES,42.76
30143,"Dawson County, GA",4,1,34.462756,-84.425227,NORTH SPRINGS STATION,MARTA-NORTH-SPRINGS,36.01
30173,"Floyd County, GA",4,1,34.133121,-85.153505,HAMILTON E HOLMES STATION,MARTA-HAMILTON-E-HOLMES,47.13
30185,"Douglas County, GA",4,1,33.519802,-84.918098,AIRPORT STATION,MARTA-AIRPORT,28.42
30252,"Rockdale County, GA",4,1,33.473512,-84.057165,INDIAN CREEK STATION,MARTA-INDIAN-CREEK,22.75
30439,"Candler County, GA",4,1,32.416717,-82.070375,INDIAN CREEK STATION,MARTA-INDIAN-CREEK,156.07
30519,"Hall County, GA",4,1,34.087410,-83.945059,DORAVILLE STATION,MARTA-DORAVILLE,23.09
30529,"Banks County, GA",4,1,34.217179,-83.482653,DORAVILLE STATION,MARTA-DORAVILLE,50.60
30530,"Banks County, GA",4,1,34.222921,-83.393799,DORAVILLE STATION,MARTA-DORAVILLE,55.39
30534,"Lumpkin County, GA",4,1,34.431100,-84.144329,NORTH SPRINGS STATION,MARTA-NORTH-SPRINGS,35.75
30541,"Fannin County, GA",4,1,34.917258,-84.517744,NORTH SPRINGS STATION,MARTA-NORTH-SPRINGS,67.82
30558,"Jackson County, GA",4,1,34.264049,-83.566829,DORAVILLE STATION,MARTA-DORAVILLE,47.89
30559,"Fannin County, GA",4,1,34.957860,-84.274335,NORTH SPRINGS STATION,MARTA-NORTH-SPRINGS,70.16
30565,"Jackson County, GA",4,1,34.086204,-83.411482,DORAVILLE STATION,MARTA-DORAVILLE,51.39
30609,"Clarke County, GA",4,1,33.933102,-83.372322,INDIAN CREEK STATION,MARTA-INDIAN-CREEK,50.46
30683,"Clarke County, GA",4,1,33.946841,-83.257109,INDIAN CREEK STATION,MARTA-INDIAN-CREEK,57.11
30740,"Whitfield County, GA",4,1,34.757368,-85.072012,NORTH SPRINGS STATION,MARTA-NORTH-SPRINGS,69.39
30742,"Catoosa County, GA",4,1,34.935597,-85.244842,NORTH SPRINGS STATION,MARTA-NORTH-SPRINGS,85.12
30752,"Dade County, GA",4,0,34.914982,-85.537961,NORTH SPRINGS STATION,MARTA-NORTH-SPRINGS,94.98
30816,"Burke County, GA",4,0,33.163379,-82.176208,INDIAN CREEK STATION,MARTA-INDIAN-CREEK,125.54
30817,"Lincoln County, GA",4,0,33.778388,-82.430194,INDIAN CREEK STATION,MARTA-INDIAN-CREEK,103.33
31008,"Crawford County, GA",4,0,32.665355,-83.786087,AIRPORT STATION,MARTA-AIRPORT,77.45
31044,"Twiggs County, GA",4,0,32.656173,-83.390884,INDIAN CREEK STATION,MARTA-INDIAN-CREEK,90.94
31075,"Laurens County, GA",4,0,32.360956,-82.954646,INDIAN CREEK STATION,MARTA-INDIAN-CREEK,122.16
31092,"Dooly County, GA",4,0,32.089661,-83.782665,AIRPORT STATION,MARTA-AIRPORT,113.87
31302,"Chatham County, GA",4,0,32.125813,-81.340394,INDIAN CREEK STATION,MARTA-INDIAN-CREEK,202.38
31411,"Chatham County, GA",4,0,31.937542,-81.034252,INDIAN CREEK STATION,MARTA-INDIAN-CREEK,224.53
31503,"Ware County, GA",4,0,31.176879,-82.401293,AIRPORT STATION,MARTA-AIRPORT,207.84
31545,"Wayne County, GA",4,0,31.572560,-81.990861,INDIAN CREEK STATION,MARTA-INDIAN-CREEK,199.99
31620,"Cook County, GA",4,0,31.117296,-83.434236,AIRPORT STATION,MARTA-AIRPORT,184.07
31709,"Sumter County, GA",4,0,32.046416,-84.149578,AIRPORT STATION,MARTA-AIRPORT,111.48
31791,"Worth County, GA",4,0,31.528949,-83.894253,AIRPORT STATION,MARTA-AIRPORT,149.39
31831,"Harris County, GA",4,0,32.666859,-84.704799,AIRPORT STATION,MARTA-AIRPORT,68.92
39845,"Seminole County, GA",4,0,30.951450,-84.892724,AIRPORT STATION,MARTA-AIRPORT,187.62
30024,"Fulton County, GA",3,0,34.063485,-84.091100,DORAVILLE STATION,MARTA-DORAVILLE,15.55
30106,"Douglas County, GA",3,0,33.832880,-84.628055,HAMILTON E HOLMES STATION,MARTA-HAMILTON-E-HOLMES,10.59
30124,"Floyd County, GA",3,0,34.133736,-85.345827,HAMILTON E HOLMES STATION,MARTA-HAMILTON-E-HOLMES,56.65
30147,"Floyd County, GA",3,0,34.134940,-85.222060,HAMILTON E HOLMES STATION,MARTA-HAMILTON-E-HOLMES,50.51
30170,"Heard County, GA",3,0,33.432792,-85.164674,AIRPORT STATION,MARTA-AIRPORT,43.80
30177,"Pickens County, GA",3,0,34.407133,-84.373997,NORTH SPRINGS STATION,MARTA-NORTH-SPRINGS,31.97
30285,"Pike County, GA",3,0,32.987673,-84.258191,AIRPORT STATION,MARTA-AIRPORT,46.40
30322,"DeKalb County, GA",3,0,33.794605,-84.325247,EAST LAKE STATION,MARTA-EAST-LAKE,2.15
30337,"Clayton County, GA",3,0,33.640147,-84.450081,AIRPORT STATION,MARTA-AIRPORT,0.23
30401,"Emanuel County, GA",3,0,32.604730,-82.347998,INDIAN CREEK STATION,MARTA-INDIAN-CREEK,135.33
30427,"Tattnall County, GA",3,0,31.922905,-81.962446,INDIAN CREEK STATION,MARTA-INDIAN-CREEK,183.30
30467,"Screven County, GA",3,0,32.753793,-81.603534,INDIAN CREEK STATION,MARTA-INDIAN-CREEK,167.16
30474,"Toombs County, GA",3,0,32.223996,-82.413685,INDIAN CREEK STATION,MARTA-INDIAN-CREEK,149.92
30520,"Hart County, GA",3,0,34.339924,-83.082702,DORAVILLE STATION,MARTA-DORAVILLE,74.90
30521,"Franklin County, GA",3,0,34.362448,-83.292322,DORAVILLE STATION,MARTA-DORAVILLE,64.85
30538,"Stephens County, GA",3,0,34.500986,-83.263844,DORAVILLE STATION,MARTA-DORAVILLE,71.32
30552,"Rabun County, GA",3,0,34.773831,-83.470714,DORAVILLE STATION,MARTA-DORAVILLE,75.89
30576,"Rabun County, GA",3,0,34.834589,-83.452139,DORAVILLE STATION,MARTA-DORAVILLE,79.88
30582,"Towns County, GA",3,0,34.956451,-83.909789,NORTH SPRINGS STATION,MARTA-NORTH-SPRINGS,74.41
30622,"Oconee County, GA",3,0,33.921282,-83.530830,INDIAN CREEK STATION,MARTA-INDIAN-CREEK,41.43
30624,"Elbert County, GA",3,0,34.181024,-83.037941,DORAVILLE STATION,MARTA-DORAVILLE,73.72
30625,"Morgan County, GA",3,0,33.520284,-83.333530,INDIAN CREEK STATION,MARTA-INDIAN-CREEK,54.34
30630,"Oglethorpe County, GA",3,0,33.900360,-83.145329,INDIAN CREEK STATION,MARTA-INDIAN-CREEK,62.87
30634,"Elbert County, GA",3,0,34.202177,-82.942226,DORAVILLE STATION,MARTA-DORAVILLE,79.38
30648,"Oglethorpe County, GA",3,0,33.870769,-83.038175,INDIAN CREEK STATION,MARTA-INDIAN-CREEK,68.73
30663,"Morgan County, GA",3,0,33.615505,-83.600295,INDIAN CREEK STATION,MARTA-INDIAN-CREEK,37.71
30710,"Whitfield County, GA",3,0,34.938823,-84.917315,NORTH SPRINGS STATION,MARTA-NORTH-SPRINGS,75.74
30731,"Chattooga County, GA",3,0,34.564178,-85.471885,NORTH SPRINGS STATION,MARTA-NORTH-SPRINGS,76.71
30734,"Pickens County, GA",3,0,34.532804,-84.714916,NORTH SPRINGS STATION,MARTA-NORTH-SPRINGS,45.48
30741,"Catoosa County, GA",3,0,34.952695,-85.281295,NORTH SPRINGS STATION,MARTA-NORTH-SPRINGS,87.31
31002,"Emanuel County, GA",3,0,32.554049,-82.595322,INDIAN CREEK STATION,MARTA-INDIAN-CREEK,126.45
31002,"Johnson County, GA",3,0,32.554049,-82.595322,INDIAN CREEK STATION,MARTA-INDIAN-CREEK,126.45
31033,"Jones County, GA",3,0,33.079307,-83.434007,INDIAN CREEK STATION,MARTA-INDIAN-CREEK,66.18
31096,"Johnson County, GA",3,0,32.723291,-82.707266,INDIAN CREEK STATION,MARTA-INDIAN-CREEK,113.86
31097,"Upson County, GA",3,0,32.890411,-84.166895,AIRPORT STATION,MARTA-AIRPORT,54.28
31217,"Jones County, GA",3,0,32.844147,-83.500044,INDIAN CREEK STATION,MARTA-INDIAN-CREEK,76.58
31315,"Liberty County, GA",3,0,31.887679,-81.606009,INDIAN CREEK STATION,MARTA-INDIAN-CREEK,200.26
31320,"Liberty County, GA",3,0,31.765504,-81.368411,INDIAN CREEK STATION,MARTA-INDIAN-CREEK,216.33
31321,"Bryan County, GA",3,0,32.185062,-81.659794,INDIAN CREEK STATION,MARTA-INDIAN-CREEK,184.85
31329,"Effingham County, GA",3,0,32.427261,-81.350003,INDIAN CREEK STATION,MARTA-INDIAN-CREEK,190.73
31501,"Ware County, GA",3,0,31.227596,-82.347944,AIRPORT STATION,MARTA-AIRPORT,206.79
31513,"Appling County, GA",3,0,31.777421,-82.346004,INDIAN CREEK STATION,MARTA-INDIAN-CREEK,175.84
31537,"Charlton County, GA",3,0,30.926545,-82.176473,AIRPORT STATION,MARTA-AIRPORT,229.64
31636,"Lowndes County, GA",3,0,30.730986,-83.111372,AIRPORT STATION,MARTA-AIRPORT,215.65
31643,"Brooks County, GA",3,0,30.773089,-83.556898,AIRPORT STATION,MARTA-AIRPORT,204.83
31701,"Dougherty County, GA",3,0,31.573054,-84.154783,AIRPORT STATION,MARTA-AIRPORT,143.85
31714,"Turner County, GA",3,0,31.708107,-83.678402,AIRPORT STATION,MARTA-AIRPORT,140.79
31779,"Mitchell County, GA",3,0,31.090181,-84.191684,AIRPORT STATION,MARTA-AIRPORT,176.84
31780,"Sumter County, GA",3,0,32.027683,-84.391222,AIRPORT STATION,MARTA-AIRPORT,111.48
31793,"Tift County, GA",3,0,31.461884,-83.581210,AIRPORT STATION,MARTA-AIRPORT,158.74
31808,"Muscogee County, GA",3,0,32.631610,-85.010550,AIRPORT STATION,MARTA-AIRPORT,76.98
31820,"Harris County, GA",3,0,32.575774,-84.829099,AIRPORT STATION,MARTA-AIRPORT,76.83
31822,"Harris County, GA",3,0,32.864979,-84.910348,AIRPORT STATION,MARTA-AIRPORT,59.92
31833,"Harris County, GA",3,0,32.842900,-85.091845,AIRPORT STATION,MARTA-AIRPORT,66.55
31901,"Muscogee County, GA",3,0,32.464350,-84.980144,AIRPORT STATION,MARTA-AIRPORT,86.95
31905,"Chattahoochee County, GA",3,0,32.372789,-84.843361,AIRPORT STATION,MARTA-AIRPORT,90.57
39817,"Decatur County, GA",3,0,30.947881,-84.593427,AIRPORT STATION,MARTA-AIRPORT,186.24
39825,"Decatur County, GA",3,0,30.930767,-84.740763,AIRPORT STATION,MARTA-AIRPORT,188.02
30028,"Cherokee County, GA",2,0,34.293159,-84.175907,NORTH SPRINGS STATION,MARTA-NORTH-SPRINGS,26.22
30040,"Cherokee County, GA",2,0,34.223434,-84.176440,NORTH SPRINGS STATION,MARTA-NORTH-SPRINGS,21.86
30055,"Jasper County, GA",2,0,33.497411,-83.749784,INDIAN CREEK STATION,MARTA-INDIAN-CREEK,33.40
30101,"Bartow County, GA",2,0,34.034515,-84.707349,NORTH SPRINGS STATION,MARTA-NORTH-SPRINGS,20.99
30104,"Polk County, GA",2,0,34.088874,-85.070382,HAMILTON E HOLMES STATION,MARTA-HAMILTON-E-HOLMES,41.48
30105,"Floyd County, GA",2,0,34.432548,-85.172442,NORTH SPRINGS STATION,MARTA-NORTH-SPRINGS,57.51
30122,"Cobb County, GA",2,0,33.766909,-84.641356,HAMILTON E HOLMES STATION,MARTA-HAMILTON-E-HOLMES,9.91
30139,"Pickens County, GA",2,0,34.432341,-84.705495,NORTH SPRINGS STATION,MARTA-NORTH-SPRINGS,39.13
30148,"Pickens County, GA",2,0,34.460490,-84.265701,NORTH SPRINGS STATION,MARTA-NORTH-SPRINGS,36.02
30149,"Floyd County, GA",2,0,34.316789,-85.220289,NORTH SPRINGS STATION,MARTA-NORTH-SPRINGS,55.65
30175,"Gilmer County, GA",2,0,34.534915,-84.526711,NORTH SPRINGS STATION,MARTA-NORTH-SPRINGS,41.92
30179,"Haralson County, GA",2,0,33.781553,-85.014782,HAMILTON E HOLMES STATION,MARTA-HAMILTON-E-HOLMES,31.37
30223,"Henry County, GA",2,0,33.288794,-84.279919,AIRPORT STATION,MARTA-AIRPORT,26.13
30229,"Coweta County, GA",2,0,33.227934,-84.570341,AIRPORT STATION,MARTA-AIRPORT,29.39
30248,"Butts County, GA",2,0,33.350460,-84.109119,AIRPORT STATION,MARTA-AIRPORT,27.91
30263,"Heard County, GA",2,0,33.388415,-84.858937,AIRPORT STATION,MARTA-AIRPORT,29.48
30272,"Fulton County, GA",2,0,33.623122,-84.501756,AIRPORT STATION,MARTA-AIRPORT,3.42
30317,"Fulton County, GA",2,0,33.747989,-84.315586,EAST LAKE STATION,MARTA-EAST-LAKE,1.20
30334,"Fulton County, GA",2,0,33.748652,-84.387894,GEORGIA STATE STATION,MARTA-GEORGIA-STATE,0.15
30415,"Bulloch County, GA",2,0,32.324484,-81.603497,INDIAN CREEK STATION,MARTA-INDIAN-CREEK,181.93
30417,"Evans County, GA",2,0,32.170468,-81.920992,INDIAN CREEK STATION,MARTA-INDIAN-CREEK,173.53
30428,"Wheeler County, GA",2,0,32.224545,-82.715130,INDIAN CREEK STATION,MARTA-INDIAN-CREEK,138.20
30434,"Jefferson County, GA",2,0,33.024570,-82.366309,INDIAN CREEK STATION,MARTA-INDIAN-CREEK,119.17
30445,"Montgomery County, GA",2,0,32.165598,-82.580717,INDIAN CREEK STATION,MARTA-INDIAN-CREEK,146.35
30454,"Laurens County, GA",2,0,32.436077,-82.730358,INDIAN CREEK STATION,MARTA-INDIAN-CREEK,126.57
30477,"Jefferson County, GA",2,0,32.862554,-82.400822,INDIAN CREEK STATION,MARTA-INDIAN-CREEK,122.78
30511,"Banks County, GA",2,0,34.449686,-83.486693,DORAVILLE STATION,MARTA-DORAVILLE,59.07
30511,"Habersham County, GA",2,0,34.449686,-83.486693,DORAVILLE STATION,MARTA-DORAVILLE,59.07
30516,"Hart County, GA",2,0,34.380913,-83.030697,DORAVILLE STATION,MARTA-DORAVILLE,78.76
30520,"Franklin County, GA",2,0,34.339924,-83.082702,DORAVILLE STATION,MARTA-DORAVILLE,74.90
30522,"Gilmer County, GA",2,0,34.783680,-84.343730,NORTH SPRINGS STATION,MARTA-NORTH-SPRINGS,57.98
30533,"Hall County, GA",2,0,34.570958,-84.013764,NORTH SPRINGS STATION,MARTA-NORTH-SPRINGS,47.51
30557,"Franklin County, GA",2,0,34.479752,-83.184905,DORAVILLE STATION,MARTA-DORAVILLE,74.25
30619,"Oglethorpe County, GA",2,0,33.855797,-83.244711,INDIAN CREEK STATION,MARTA-INDIAN-CREEK,56.84
30627,"Oglethorpe County, GA",2,0,33.972176,-82.963748,INDIAN CREEK STATION,MARTA-INDIAN-CREEK,73.94
30656,"Barrow County, GA",2,0,33.862137,-83.716175,INDIAN CREEK STATION,MARTA-INDIAN-CREEK,30.14
30660,"Wilkes County, GA",2,0,33.782663,-82.931267,INDIAN CREEK STATION,MARTA-INDIAN-CREEK,74.56
30662,"Hart County, GA",2,0,34.266966,-83.137564,DORAVILLE STATION,MARTA-DORAVILLE,70.10
30665,"Greene County, GA",2,0,33.537349,-83.073991,INDIAN CREEK STATION,MARTA-INDIAN-CREEK,68.37
30666,"Oconee County, GA",2,0,33.962087,-83.584602,INDIAN CREEK STATION,MARTA-INDIAN-CREEK,39.30
30668,"Wilkes County, GA",2,0,33.895747,-82.697208,INDIAN CREEK STATION,MARTA-INDIAN-CREEK,88.37
30669,"Greene County, GA",2,0,33.676431,-83.118117,INDIAN CREEK STATION,MARTA-INDIAN-CREEK,64.19
30725,"Walker County, GA",2,0,34.924777,-85.352675,NORTH SPRINGS STATION,MARTA-NORTH-SPRINGS,88.34
30734,"Gordon County, GA",2,0,34.532804,-84.714916,NORTH SPRINGS STATION,MARTA-NORTH-SPRINGS,45.48
30735,"Whitfield County, GA",2,0,34.602883,-84.882661,NORTH SPRINGS STATION,MARTA-NORTH-SPRINGS,54.48
30808,"McDuffie County, GA",2,0,33.384114,-82.391923,INDIAN CREEK STATION,MARTA-INDIAN-CREEK,109.08
30813,"Richmond County, GA",2,0,33.466744,-82.228209,INDIAN CREEK STATION,MARTA-INDIAN-CREEK,117.03
30909,"Columbia County, GA",2,0,33.470481,-82.083045,INDIAN CREEK STATION,MARTA-INDIAN-CREEK,125.21
31008,"Houston County, GA",2,0,32.665355,-83.786087,AIRPORT STATION,MARTA-AIRPORT,77.45
31014,"Bleckley County, GA",2,0,32.415886,-83.349077,AIRPORT STATION,MARTA-AIRPORT,105.82
31020,"Twiggs County, GA",2,0,32.654482,-83.498453,AIRPORT STATION,MARTA-AIRPORT,87.45
31031,"Baldwin County, GA",2,0,32.866286,-83.328340,INDIAN CREEK STATION,MARTA-INDIAN-CREEK,81.27
31037,"Telfair County, GA",2,0,32.121561,-82.936280,INDIAN CREEK STATION,MARTA-INDIAN-CREEK,136.35
31038,"Jasper County, GA",2,0,33.142498,-83.621399,INDIAN CREEK STATION,MARTA-INDIAN-CREEK,55.74
31042,"Wilkinson County, GA",2,0,32.743643,-83.189114,INDIAN CREEK STATION,MARTA-INDIAN-CREEK,92.95
31068,"Macon County, GA",2,0,32.332742,-84.111143,AIRPORT STATION,MARTA-AIRPORT,92.42
31098,"Houston County, GA",2,0,32.614825,-83.578435,AIRPORT STATION,MARTA-AIRPORT,86.85
31301,"Liberty County, GA",2,0,31.758253,-81.605053,INDIAN CREEK STATION,MARTA-INDIAN-CREEK,206.30
31307,"Effingham County, GA",2,0,32.176410,-81.397610,INDIAN CREEK STATION,MARTA-INDIAN-CREEK,197.63
31308,"Bryan County, GA",2,0,32.180316,-81.471290,INDIAN CREEK STATION,MARTA-INDIAN-CREEK,193.95
31328,"Chatham County, GA",2,0,32.004330,-80.890787,INDIAN CREEK STATION,MARTA-INDIAN-CREEK,228.90
31331,"McIntosh County, GA",2,0,31.490245,-81.421511,INDIAN CREEK STATION,MARTA-INDIAN-CREEK,226.92
31409,"Chatham County, GA",2,0,32.015561,-81.144830,INDIAN CREEK STATION,MARTA-INDIAN-CREEK,216.12
31533,"Coffee County, GA",2,0,31.562738,-82.829020,AIRPORT STATION,MARTA-AIRPORT,171.66
31543,"Brantley County, GA",2,0,31.326469,-81.869695,INDIAN CREEK STATION,MARTA-INDIAN-CREEK,217.67
31547,"Camden County, GA",2,0,30.790347,-81.535288,INDIAN CREEK STATION,MARTA-INDIAN-CREEK,259.10
31555,"Wayne County, GA",2,0,31.703058,-82.069441,INDIAN CREEK STATION,MARTA-INDIAN-CREEK,190.12
31639,"Berrien County, GA",2,0,31.213259,-83.190862,AIRPORT STATION,MARTA-AIRPORT,182.99
31712,"Crisp County, GA",2,0,31.819358,-83.719208,AIRPORT STATION,MARTA-AIRPORT,132.74
31749,"Berrien County, GA",2,0,31.420536,-83.330120,AIRPORT STATION,MARTA-AIRPORT,166.60
31779,"Grady County, GA",2,0,31.090181,-84.191684,AIRPORT STATION,MARTA-AIRPORT,176.84
31801,"Talbot County, GA",2,0,32.519338,-84.594755,AIRPORT STATION,MARTA-AIRPORT,77.94
31803,"Marion County, GA",2,0,32.307436,-84.517208,AIRPORT STATION,MARTA-AIRPORT,92.20
31805,"Chattahoochee County, GA",2,0,32.263056,-84.739509,AIRPORT STATION,MARTA-AIRPORT,96.68
31806,"Schley County, GA",2,0,32.260168,-84.299506,AIRPORT STATION,MARTA-AIRPORT,95.75
31807,"Harris County, GA",2,0,32.644701,-84.804532,AIRPORT STATION,MARTA-AIRPORT,71.86
31812,"Talbot County, GA",2,0,32.634887,-84.425090,AIRPORT STATION,MARTA-AIRPORT,69.50
31826,"Talbot County, GA",2,0,32.800237,-84.703065,AIRPORT STATION,MARTA-AIRPORT,59.93
31827,"Talbot County, GA",2,0,32.695522,-84.503751,AIRPORT STATION,MARTA-AIRPORT,65.38
31836,"Talbot County, GA",2,0,32.796402,-84.535090,AIRPORT STATION,MARTA-AIRPORT,58.55
39819,"Decatur County, GA",2,0,30.785401,-84.645153,AIRPORT STATION,MARTA-AIRPORT,197.62
39837,"Miller County, GA",2,0,31.152104,-84.677706,AIRPORT STATION,MARTA-AIRPORT,172.47
39840,"Randolph County, GA",2,0,31.781300,-84.764124,AIRPORT STATION,MARTA-AIRPORT,129.79
30012,"DeKalb County, GA",1,0,33.717806,-84.002515,INDIAN CREEK STATION,MARTA-INDIAN-CREEK,13.52
30016,"Rockdale County, GA",1,0,33.517433,-83.928703,INDIAN CREEK STATION,MARTA-INDIAN-CREEK,24.56
30052,"Newton County, GA",1,0,33.817047,-83.897315,INDIAN CREEK STATION,MARTA-INDIAN-CREEK,19.34
30056,"Jasper County, GA",1,0,33.491974,-83.650144,INDIAN CREEK STATION,MARTA-INDIAN-CREEK,38.46
30056,"Morgan County, GA",1,0,33.491974,-83.650144,INDIAN CREEK STATION,MARTA-INDIAN-CREEK,38.46
30056,"Newton County, GA",1,0,33.491974,-83.650144,INDIAN CREEK STATION,MARTA-INDIAN-CREEK,38.46
30058,"Rockdale County, GA",1,0,33.738350,-84.107376,INDIAN CREEK STATION,MARTA-INDIAN-CREEK,7.34
30070,"Newton County, GA",1,0,33.573282,-83.895589,INDIAN CREEK STATION,MARTA-INDIAN-CREEK,23.51
30103,"Floyd County, GA",1,0,34.363242,-84.920192,NORTH SPRINGS STATION,MARTA-NORTH-SPRINGS,43.27
30103,"Gordon County, GA",1,0,34.363242,-84.920192,NORTH SPRINGS STATION,MARTA-NORTH-SPRINGS,43.27
30104,"Bartow County, GA",1,0,34.088874,-85.070382,HAMILTON E HOLMES STATION,MARTA-HAMILTON-E-HOLMES,41.48
30104,"Floyd County, GA",1,0,34.088874,-85.070382,HAMILTON E HOLMES STATION,MARTA-HAMILTON-E-HOLMES,41.48
30107,"Pickens County, GA",1,0,34.336098,-84.345464,NORTH SPRINGS STATION,MARTA-NORTH-SPRINGS,27.05
30108,"Heard County, GA",1,0,33.531700,-85.262996,COLLEGE PARK STATION,MARTA-COLLEGE-PARK,47.58
30110,"Carroll County, GA",1,0,33.739243,-85.135434,HAMILTON E HOLMES STATION,MARTA-HAMILTON-E-HOLMES,38.27
30113,"Polk County, GA",1,0,33.850746,-85.205308,HAMILTON E HOLMES STATION,MARTA-HAMILTON-E-HOLMES,42.76
30118,"Carroll County, GA",1,0,33.572902,-85.099437,COLLEGE PARK STATION,MARTA-COLLEGE-PARK,37.83
30125,"Floyd County, GA",1,0,34.000642,-85.276805,HAMILTON E HOLMES STATION,MARTA-HAMILTON-E-HOLMES,49.33
30139,"Bartow County, GA",1,0,34.432341,-84.705495,NORTH SPRINGS STATION,MARTA-NORTH-SPRINGS,39.13
30145,"Floyd County, GA",1,0,34.245660,-84.985878,NORTH SPRINGS STATION,MARTA-NORTH-SPRINGS,41.55
30161,"Bartow County, GA",1,0,34.236230,-85.173993,NORTH SPRINGS STATION,MARTA-NORTH-SPRINGS,50.89
30182,"Carroll County, GA",1,0,33.655819,-85.248832,HAMILTON E HOLMES STATION,MARTA-HAMILTON-E-HOLMES,45.31
30183,"Bartow County, GA",1,0,34.338804,-84.602425,NORTH SPRINGS STATION,MARTA-NORTH-SPRINGS,30.63
30233,"Newton County, GA",1,0,33.294709,-83.975561,INDIAN CREEK STATION,MARTA-INDIAN-CREEK,35.94
30251,"Coweta County, GA",1,0,33.198174,-84.698112,AIRPORT STATION,MARTA-AIRPORT,33.84
30256,"Lamar County, GA",1,0,33.007484,-84.309900,AIRPORT STATION,MARTA-AIRPORT,44.44
30258,"Upson County, GA",1,0,32.990854,-84.470041,AIRPORT STATION,MARTA-AIRPORT,44.91
30350,"DeKalb County, GA",1,0,33.980254,-84.330016,NORTH SPRINGS STATION,MARTA-NORTH-SPRINGS,2.91
30410,"Montgomery County, GA",1,0,32.188589,-82.513470,INDIAN CREEK STATION,MARTA-INDIAN-CREEK,147.74
30411,"Wheeler County, GA",1,0,32.124102,-82.793957,INDIAN CREEK STATION,MARTA-INDIAN-CREEK,140.91
30421,"Tattnall County, GA",1,0,32.185377,-82.110912,INDIAN CREEK STATION,MARTA-INDIAN-CREEK,164.50
30427,"Long County, GA",1,0,31.922905,-81.962446,INDIAN CREEK STATION,MARTA-INDIAN-CREEK,183.30
30434,"Burke County, GA",1,0,33.024570,-82.366309,INDIAN CREEK STATION,MARTA-INDIAN-CREEK,119.17
30436,"Toombs County, GA",1,0,32.154894,-82.293036,INDIAN CREEK STATION,MARTA-INDIAN-CREEK,158.27
30442,"Burke County, GA",1,0,32.816174,-81.969847,INDIAN CREEK STATION,MARTA-INDIAN-CREEK,146.18
30442,"Jenkins County, GA",1,0,32.816174,-81.969847,INDIAN CREEK STATION,MARTA-INDIAN-CREEK,146.18
30453,"Tattnall County, GA",1,0,32.026236,-82.111225,INDIAN CREEK STATION,MARTA-INDIAN-CREEK,172.08
30455,"Screven County, GA",1,0,32.698330,-81.809862,INDIAN CREEK STATION,MARTA-INDIAN-CREEK,158.21
30456,"Burke County, GA",1,0,32.980717,-81.796140,INDIAN CREEK STATION,MARTA-INDIAN-CREEK,150.61
30457,"Treutlen County, GA",1,0,32.399851,-82.560890,INDIAN CREEK STATION,MARTA-INDIAN-CREEK,135.24
30470,"Montgomery County, GA",1,0,32.358929,-82.497531,INDIAN CREEK STATION,MARTA-INDIAN-CREEK,139.85
30471,"Emanuel County, GA",1,0,32.543263,-82.180910,INDIAN CREEK STATION,MARTA-INDIAN-CREEK,145.68
30473,"Montgomery County, GA",1,0,32.015476,-82.473052,INDIAN CREEK STATION,MARTA-INDIAN-CREEK,158.35
30510,"Hall County, GA",1,0,34.444872,-83.570707,DORAVILLE STATION,MARTA-DORAVILLE,55.24
30512,"Fannin County, GA",1,0,34.856753,-83.967998,NORTH SPRINGS STATION,MARTA-NORTH-SPRINGS,66.81
30530,"Jackson County, GA",1,0,34.222921,-83.393799,DORAVILLE STATION,MARTA-DORAVILLE,55.39
30530,"Madison County, GA",1,0,34.222921,-83.393799,DORAVILLE STATION,MARTA-DORAVILLE,55.39
30536,"Dawson County, GA",1,0,34.652002,-84.359442,NORTH SPRINGS STATION,MARTA-NORTH-SPRINGS,48.87
30547,"Banks County, GA",1,0,34.362021,-83.455617,DORAVILLE STATION,MARTA-DORAVILLE,56.88
30554,"Banks County, GA",1,0,34.398088,-83.661905,DORAVILLE STATION,MARTA-DORAVILLE,49.24
30555,"Fannin County, GA",1,0,34.969398,-84.419515,NORTH SPRINGS STATION,MARTA-NORTH-SPRINGS,70.89
30557,"Stephens County, GA",1,0,34.479752,-83.184905,DORAVILLE STATION,MARTA-DORAVILLE,74.25
30567,"Hall County, GA",1,0,34.180798,-83.676554,DORAVILLE STATION,MARTA-DORAVILLE,39.58
30568,"Rabun County, GA",1,0,34.954844,-83.411111,DORAVILLE STATION,MARTA-DORAVILLE,87.99
30571,"White County, GA",1,0,34.716280,-83.682150,NORTH SPRINGS STATION,MARTA-NORTH-SPRINGS,65.77
30572,"Union County, GA",1,0,34.735793,-84.072507,NORTH SPRINGS STATION,MARTA-NORTH-SPRINGS,57.02
30577,"Banks County, GA",1,0,34.556243,-83.328905,DORAVILLE STATION,MARTA-DORAVILLE,70.69
30577,"Franklin County, GA",1,0,34.556243,-83.328905,DORAVILLE STATION,MARTA-DORAVILLE,70.69
30597,"Lumpkin County, GA",1,0,34.527577,-83.984589,NORTH SPRINGS STATION,MARTA-NORTH-SPRINGS,45.56
30602,"Clarke County, GA",1,0,33.943919,-83.373855,INDIAN CREEK STATION,MARTA-INDIAN-CREEK,50.54
30622,"Clarke County, GA",1,0,33.921282,-83.530830,INDIAN CREEK STATION,MARTA-INDIAN-CREEK,41.43
30623,"Morgan County, GA",1,0,33.728681,-83.513005,INDIAN CREEK STATION,MARTA-INDIAN-CREEK,41.25
30628,"Oglethorpe County, GA",1,0,34.032089,-83.215974,INDIAN CREEK STATION,MARTA-INDIAN-CREEK,60.88
30631,"Taliaferro County, GA",1,0,33.558262,-82.866495,INDIAN CREEK STATION,MARTA-INDIAN-CREEK,79.73
30634,"Hart County, GA",1,0,34.202177,-82.942226,DORAVILLE STATION,MARTA-DORAVILLE,79.38
30641,"Walton County, GA",1,0,33.769567,-83.564750,INDIAN CREEK STATION,MARTA-INDIAN-CREEK,38.17
30667,"Oglethorpe County, GA",1,0,33.796889,-83.175513,INDIAN CREEK STATION,MARTA-INDIAN-CREEK,60.55
30678,"Greene County, GA",1,0,33.453017,-83.065918,INDIAN CREEK STATION,MARTA-INDIAN-CREEK,70.44
30683,"Oglethorpe County, GA",1,0,33.946841,-83.257109,INDIAN CREEK STATION,MARTA-INDIAN-CREEK,57.11
30707,"Catoosa County, GA",1,0,34.778911,-85.365300,NORTH SPRINGS STATION,MARTA-NORTH-SPRINGS,81.41
30721,"Murray County, GA",1,0,34.792977,-84.908686,NORTH SPRINGS STATION,MARTA-NORTH-SPRINGS,66.52
30730,"Chattooga County, GA",1,0,34.363770,-85.416023,NORTH SPRINGS STATION,MARTA-NORTH-SPRINGS,67.11
30731,"Dade County, GA",1,0,34.564178,-85.471885,NORTH SPRINGS STATION,MARTA-NORTH-SPRINGS,76.71
30735,"Gordon County, GA",1,0,34.602883,-84.882661,NORTH SPRINGS STATION,MARTA-NORTH-SPRINGS,54.48
30736,"Whitfield County, GA",1,0,34.902401,-85.134056,NORTH SPRINGS STATION,MARTA-NORTH-SPRINGS,79.62
30738,"Walker County, GA",1,0,34.796552,-85.480936,NORTH SPRINGS STATION,MARTA-NORTH-SPRINGS,87.01
30739,"Catoosa County, GA",1,0,34.805906,-85.215958,NORTH SPRINGS STATION,MARTA-NORTH-SPRINGS,77.06
30739,"Walker County, GA",1,0,34.805906,-85.215958,NORTH SPRINGS STATION,MARTA-NORTH-SPRINGS,77.06
30755,"Whitfield County, GA",1,0,34.869366,-85.040664,NORTH SPRINGS STATION,MARTA-NORTH-SPRINGS,74.83
30805,"Richmond County, GA",1,0,33.279569,-82.191791,INDIAN CREEK STATION,MARTA-INDIAN-CREEK,122.15
30820,"Hancock County, GA",1,0,33.222359,-82.724536,INDIAN CREEK STATION,MARTA-INDIAN-CREEK,94.60
30823,"Jefferson County, GA",1,0,33.222042,-82.456142,INDIAN CREEK STATION,MARTA-INDIAN-CREEK,108.96
30830,"Burke County, GA",1,0,33.085111,-81.978661,INDIAN CREEK STATION,MARTA-INDIAN-CREEK,138.14
31001,"Wilcox County, GA",1,0,31.976256,-83.339665,AIRPORT STATION,MARTA-AIRPORT,131.73
31009,"Laurens County, GA",1,0,32.270181,-83.000516,INDIAN CREEK STATION,MARTA-INDIAN-CREEK,125.72
31014,"Dodge County, GA",1,0,32.415886,-83.349077,AIRPORT STATION,MARTA-AIRPORT,105.82
31016,"Lamar County, GA",1,0,32.829319,-84.091558,AIRPORT STATION,MARTA-AIRPORT,59.68
31019,"Laurens County, GA",1,0,32.424244,-83.051342,INDIAN CREEK STATION,MARTA-INDIAN-CREEK,115.30
31023,"Dodge County, GA",1,0,32.183174,-83.199476,AIRPORT STATION,MARTA-AIRPORT,123.97
31025,"Houston County, GA",1,0,32.335397,-83.740875,AIRPORT STATION,MARTA-AIRPORT,99.01
31030,"Crawford County, GA",1,0,32.568973,-83.891880,AIRPORT STATION,MARTA-AIRPORT,80.69
31036,"Houston County, GA",1,0,32.270061,-83.492626,AIRPORT STATION,MARTA-AIRPORT,109.65
31036,"Pulaski County, GA",1,0,32.270061,-83.492626,AIRPORT STATION,MARTA-AIRPORT,109.65
31046,"Jones County, GA",1,0,33.054336,-83.796088,AIRPORT STATION,MARTA-AIRPORT,55.21
31052,"Crawford County, GA",1,0,32.789015,-83.840075,AIRPORT STATION,MARTA-AIRPORT,68.48
31054,"Wilkinson County, GA",1,0,32.889861,-83.214067,INDIAN CREEK STATION,MARTA-INDIAN-CREEK,84.45
31055,"Telfair County, GA",1,0,31.985895,-82.883139,INDIAN CREEK STATION,MARTA-INDIAN-CREEK,145.93
31057,"Macon County, GA",1,0,32.429781,-83.944276,AIRPORT STATION,MARTA-AIRPORT,88.56
31058,"Marion County, GA",1,0,32.488651,-84.410396,AIRPORT STATION,MARTA-AIRPORT,79.62
31060,"Dodge County, GA",1,0,31.986445,-83.056350,AIRPORT STATION,MARTA-AIRPORT,139.91
31063,"Macon County, GA",1,0,32.288966,-83.963260,AIRPORT STATION,MARTA-AIRPORT,97.49
31064,"Newton County, GA",1,0,33.286454,-83.702299,INDIAN CREEK STATION,MARTA-INDIAN-CREEK,45.14
31066,"Monroe County, GA",1,0,32.802410,-83.978150,AIRPORT STATION,MARTA-AIRPORT,63.92
31070,"Dooly County, GA",1,0,32.186580,-83.789771,AIRPORT STATION,MARTA-AIRPORT,107.43
31076,"Taylor County, GA",1,0,32.549678,-84.104974,AIRPORT STATION,MARTA-AIRPORT,77.92
31087,"Baldwin County, GA",1,0,33.251362,-83.001031,INDIAN CREEK STATION,MARTA-INDIAN-CREEK,79.32
31090,"Wilkinson County, GA",1,0,32.793582,-83.048446,INDIAN CREEK STATION,MARTA-INDIAN-CREEK,95.93
31092,"Crisp County, GA",1,0,32.089661,-83.782665,AIRPORT STATION,MARTA-AIRPORT,113.87
31096,"Washington County, GA",1,0,32.723291,-82.707266,INDIAN CREEK STATION,MARTA-INDIAN-CREEK,113.86
31097,"Lamar County, GA",1,0,32.890411,-84.166895,AIRPORT STATION,MARTA-AIRPORT,54.28
31207,"Bibb County, GA",1,0,32.828602,-83.649299,AIRPORT STATION,MARTA-AIRPORT,72.58
31217,"Twiggs County, GA",1,0,32.844147,-83.500044,INDIAN CREEK STATION,MARTA-INDIAN-CREEK,76.58
31301,"Long County, GA",1,0,31.758253,-81.605053,INDIAN CREEK STATION,MARTA-INDIAN-CREEK,206.30
31302,"Effingham County, GA",1,0,32.125813,-81.340394,INDIAN CREEK STATION,MARTA-INDIAN-CREEK,202.38
31303,"Effingham County, GA",1,0,32.505422,-81.313427,INDIAN CREEK STATION,MARTA-INDIAN-CREEK,189.97
31313,"Long County, GA",1,0,31.836598,-81.616774,INDIAN CREEK STATION,MARTA-INDIAN-CREEK,202.13
31323,"Liberty County, GA",1,0,31.668385,-81.454187,INDIAN CREEK STATION,MARTA-INDIAN-CREEK,217.03
31512,"Coffee County, GA",1,0,31.545696,-83.018356,AIRPORT STATION,MARTA-AIRPORT,166.90
31535,"Coffee County, GA",1,0,31.459541,-82.867327,AIRPORT STATION,MARTA-AIRPORT,176.53
31537,"Camden County, GA",1,0,30.926545,-82.176473,AIRPORT STATION,MARTA-AIRPORT,229.64
31539,"Jeff Davis County, GA",1,0,31.813918,-82.602233,INDIAN CREEK STATION,MARTA-INDIAN-CREEK,164.91
31542,"Brantley County, GA",1,0,31.142701,-82.119407,INDIAN CREEK STATION,MARTA-INDIAN-CREEK,219.26
31546,"Wayne County, GA",1,0,31.530265,-81.794871,INDIAN CREEK STATION,MARTA-INDIAN-CREEK,209.76
31554,"Coffee County, GA",1,0,31.485797,-82.620517,AIRPORT STATION,MARTA-AIRPORT,182.93
31555,"Appling County, GA",1,0,31.703058,-82.069441,INDIAN CREEK STATION,MARTA-INDIAN-CREEK,190.12
31565,"Camden County, GA",1,0,31.070708,-81.643418,INDIAN CREEK STATION,MARTA-INDIAN-CREEK,239.83
31566,"Brantley County, GA",1,0,31.182755,-81.805594,INDIAN CREEK STATION,MARTA-INDIAN-CREEK,227.82
31568,"Camden County, GA",1,0,31.013390,-81.819102,INDIAN CREEK STATION,MARTA-INDIAN-CREEK,236.73
31569,"Camden County, GA",1,0,30.933780,-81.737076,INDIAN CREEK STATION,MARTA-INDIAN-CREEK,244.03
31622,"Berrien County, GA",1,0,31.372347,-83.199344,AIRPORT STATION,MARTA-AIRPORT,172.74
31624,"Atkinson County, GA",1,0,31.296189,-82.730338,AIRPORT STATION,MARTA-AIRPORT,190.37
31626,"Thomas County, GA",1,0,30.775610,-83.803086,AIRPORT STATION,MARTA-AIRPORT,201.49
31632,"Cook County, GA",1,0,30.986260,-83.354900,AIRPORT STATION,MARTA-AIRPORT,194.15
31634,"Clinch County, GA",1,0,31.030510,-82.732846,AIRPORT STATION,MARTA-AIRPORT,206.21
31636,"Echols County, GA",1,0,30.730986,-83.111372,AIRPORT STATION,MARTA-AIRPORT,215.65
31637,"Colquitt County, GA",1,0,31.295961,-83.440219,AIRPORT STATION,MARTA-AIRPORT,172.28
31637,"Cook County, GA",1,0,31.295961,-83.440219,AIRPORT STATION,MARTA-AIRPORT,172.28
31638,"Brooks County, GA",1,0,30.906417,-83.512186,AIRPORT STATION,MARTA-AIRPORT,196.63
31641,"Lanier County, GA",1,0,30.921011,-83.093576,AIRPORT STATION,MARTA-AIRPORT,203.83
31642,"Atkinson County, GA",1,0,31.262789,-82.883197,AIRPORT STATION,MARTA-AIRPORT,187.86
31645,"Lowndes County, GA",1,0,31.060719,-83.218688,AIRPORT STATION,MARTA-AIRPORT,192.11
31647,"Cook County, GA",1,0,31.211229,-83.431690,AIRPORT STATION,MARTA-AIRPORT,177.97
31648,"Echols County, GA",1,0,30.708359,-83.008370,AIRPORT STATION,MARTA-AIRPORT,219.35
31650,"Atkinson County, GA",1,0,31.370002,-83.018941,AIRPORT STATION,MARTA-AIRPORT,177.56
31698,"Lowndes County, GA",1,0,30.848992,-83.289627,AIRPORT STATION,MARTA-AIRPORT,204.37
31705,"Worth County, GA",1,0,31.516890,-84.042942,AIRPORT STATION,MARTA-AIRPORT,148.60
31721,"Terrell County, GA",1,0,31.525260,-84.301465,AIRPORT STATION,MARTA-AIRPORT,146.40
31733,"Tift County, GA",1,0,31.593190,-83.489763,AIRPORT STATION,MARTA-AIRPORT,152.01
31765,"Mitchell County, GA",1,0,31.087551,-84.027154,AIRPORT STATION,MARTA-AIRPORT,178.08
31775,"Colquitt County, GA",1,0,31.334299,-83.598864,AIRPORT STATION,MARTA-AIRPORT,166.82
31778,"Brooks County, GA",1,0,30.974992,-83.700075,AIRPORT STATION,MARTA-AIRPORT,189.25
31781,"Worth County, GA",1,0,31.560566,-83.796317,AIRPORT STATION,MARTA-AIRPORT,148.61
31796,"Worth County, GA",1,0,31.771231,-83.875011,AIRPORT STATION,MARTA-AIRPORT,133.36
31822,"Meriwether County, GA",1,0,32.864979,-84.910348,AIRPORT STATION,MARTA-AIRPORT,59.92
31823,"Harris County, GA",1,0,32.797846,-84.811418,AIRPORT STATION,MARTA-AIRPORT,61.93
31825,"Stewart County, GA",1,0,32.116195,-84.670900,AIRPORT STATION,MARTA-AIRPORT,106.13
39827,"Grady County, GA",1,0,30.947615,-84.210378,AIRPORT STATION,MARTA-AIRPORT,186.57
39842,"Terrell County, GA",1,0,31.754312,-84.435527,AIRPORT STATION,MARTA-AIRPORT,130.33
39846,"Calhoun County, GA",1,0,31.568955,-84.745986,AIRPORT STATION,MARTA-AIRPORT,144.19
39859,"Seminole County, GA",1,0,30.987638,-84.812759,AIRPORT STATION,MARTA-AIRPORT,184.54