home_zcta,home_county,atl_workers,workforce_share_pct,cumulative_share_pct
30349,"Fulton County, GA",1863,2.8569,2.8569
30265,"Coweta County, GA",1476,2.2634,5.1203
30253,"Henry County, GA",1418,2.1745,7.2948
30281,"Henry County, GA",1417,2.1729,9.4677
30331,"Fulton County, GA",1400,2.1469,11.6146
30263,"Coweta County, GA",1354,2.0763,13.6909
30213,"Fulton County, GA",1312,2.0119,15.7028
30269,"Fayette County, GA",1288,1.9751,17.6779
30344,"Fulton County, GA",1158,1.7758,19.4537
30252,"Henry County, GA",1112,1.7052,21.1589
30236,"Clayton County, GA",1106,1.696,22.8549
30215,"Fayette County, GA",1069,1.6393,24.4942
30238,"Clayton County, GA",1039,1.5933,26.0875
30277,"Coweta County, GA",1005,1.5412,27.6287
30135,"Douglas County, GA",954,1.4629,29.0916
30214,"Fayette County, GA",949,1.4553,30.5469
30349,"Clayton County, GA",927,1.4215,31.9684
30274,"Clayton County, GA",908,1.3924,33.3608
30291,"Fulton County, GA",806,1.236,34.5968
30318,"Fulton County, GA",803,1.2314,35.8282
30034,"DeKalb County, GA",763,1.17,36.9982
30228,"Clayton County, GA",733,1.124,38.1222
30058,"DeKalb County, GA",731,1.121,39.2432
30315,"Fulton County, GA",697,1.0688,40.312
30310,"Fulton County, GA",695,1.0658,41.3778
30080,"Cobb County, GA",692,1.0612,42.439
30296,"Clayton County, GA",653,1.0014,43.4404
30311,"Fulton County, GA",642,0.9845,44.4249
30354,"Fulton County, GA",620,0.9508,45.3757
30248,"Henry County, GA",602,0.9232,46.2989
30038,"DeKalb County, GA",600,0.9201,47.219
30309,"Fulton County, GA",553,0.848,48.067
30260,"Clayton County, GA",540,0.8281,48.8951
30083,"DeKalb County, GA",530,0.8127,49.7078
30276,"Coweta County, GA",526,0.8066,50.5144
30228,"Henry County, GA",516,0.7913,51.3057
30297,"Clayton County, GA",512,0.7851,52.0908
30032,"DeKalb County, GA",505,0.7744,52.8652
30126,"Cobb County, GA",503,0.7713,53.6365
30312,"Fulton County, GA",486,0.7453,54.3818
30337,"Fulton County, GA",483,0.7407,55.1225
30339,"Cobb County, GA",443,0.6793,55.8018
30016,"Newton County, GA",427,0.6548,56.4566
30324,"Fulton County, GA",411,0.6303,57.0869
30127,"Cobb County, GA",403,0.618,57.7049
30273,"Clayton County, GA",402,0.6165,58.3214
30308,"Fulton County, GA",400,0.6134,58.9348
30316,"DeKalb County, GA",384,0.5889,59.5237
30094,"Rockdale County, GA",366,0.5613,60.085
30294,"DeKalb County, GA",355,0.5444,60.6294
30082,"Cobb County, GA",349,0.5352,61.1646
30088,"DeKalb County, GA",338,0.5183,61.6829
30062,"Cobb County, GA",320,0.4907,62.1736
30223,"Spalding County, GA",303,0.4646,62.6382
30067,"Cobb County, GA",302,0.4631,63.1013
30314,"Fulton County, GA",300,0.46,63.5613
30134,"Douglas County, GA",292,0.4478,64.0091
30294,"Clayton County, GA",286,0.4386,64.4477
30030,"DeKalb County, GA",285,0.437,64.8847
30066,"Cobb County, GA",285,0.437,65.3217
30122,"Douglas County, GA",284,0.4355,65.7572
30305,"Fulton County, GA",284,0.4355,66.1927
30047,"Gwinnett County, GA",279,0.4278,66.6205
30087,"DeKalb County, GA",274,0.4202,67.0407
30064,"Cobb County, GA",271,0.4156,67.4563
30144,"Cobb County, GA",271,0.4156,67.8719
30035,"DeKalb County, GA",269,0.4125,68.2844
30101,"Cobb County, GA",268,0.411,68.6954
30044,"Gwinnett County, GA",264,0.4048,69.1002
30319,"DeKalb County, GA",245,0.3757,69.4759
30290,"Fayette County, GA",243,0.3726,69.8485
30157,"Paulding County, GA",241,0.3696,70.2181
30224,"Spalding County, GA",237,0.3634,70.5815
30022,"Fulton County, GA",236,0.3619,70.9434
30039,"Gwinnett County, GA",234,0.3588,71.3022
30152,"Cobb County, GA",234,0.3588,71.661
30043,"Gwinnett County, GA",230,0.3527,72.0137
30328,"Fulton County, GA",224,0.3435,72.3572
30013,"Rockdale County, GA",221,0.3389,72.6961
30052,"Gwinnett County, GA",221,0.3389,73.035
30096,"Gwinnett County, GA",219,0.3358,73.3708
30316,"Fulton County, GA",218,0.3343,73.7051
30188,"Cherokee County, GA",215,0.3297,74.0348
30106,"Cobb County, GA",213,0.3266,74.3614
30040,"Forsyth County, GA",210,0.322,74.6834
30076,"Fulton County, GA",210,0.322,75.0054
30033,"DeKalb County, GA",209,0.3205,75.3259
30180,"Carroll County, GA",208,0.319,75.6449
30338,"DeKalb County, GA",205,0.3144,75.9593
30068,"Cobb County, GA",199,0.3052,76.2645
30132,"Paulding County, GA",199,0.3052,76.5697
30350,"Fulton County, GA",199,0.3052,76.8749
30306,"Fulton County, GA",197,0.3021,77.177
30114,"Cherokee County, GA",196,0.3006,77.4776
30294,"Henry County, GA",196,0.3006,77.7782
30075,"Fulton County, GA",194,0.2975,78.0757
30342,"Fulton County, GA",193,0.296,78.3717
30021,"DeKalb County, GA",191,0.2929,78.6646
30014,"Newton County, GA",190,0.2914,78.956
30317,"DeKalb County, GA",190,0.2914,79.2474
30012,"Rockdale County, GA",189,0.2898,79.5372
30233,"Butts County, GA",189,0.2898,79.827
30296,"Fulton County, GA",189,0.2898,80.1168
30060,"Cobb County, GA",187,0.2868,80.4036
30329,"DeKalb County, GA",186,0.2852,80.6888
30168,"Cobb County, GA",184,0.2822,80.971
30341,"DeKalb County, GA",181,0.2776,81.2486
30024,"Gwinnett County, GA",179,0.2745,81.5231
30078,"Gwinnett County, GA",178,0.273,81.7961
30008,"Cobb County, GA",176,0.2699,82.066
30041,"Forsyth County, GA",175,0.2684,82.3344
30268,"Fulton County, GA",170,0.2607,82.5951
30307,"DeKalb County, GA",167,0.2561,82.8512
30084,"DeKalb County, GA",157,0.2408,83.092
30345,"DeKalb County, GA",155,0.2377,83.3297
30004,"Fulton County, GA",153,0.2346,83.5643
30115,"Cherokee County, GA",151,0.2316,83.7959
30045,"Gwinnett County, GA",143,0.2193,84.0152
30093,"Gwinnett County, GA",140,0.2147,84.2299
30327,"Fulton County, GA",138,0.2116,84.4415
30288,"Clayton County, GA",134,0.2055,84.647
30518,"Gwinnett County, GA",134,0.2055,84.8525
30326,"Fulton County, GA",132,0.2024,85.0549
30189,"Cherokee County, GA",126,0.1932,85.2481
30141,"Paulding County, GA",124,0.1902,85.4383
30519,"Gwinnett County, GA",124,0.1902,85.6285
30259,"Coweta County, GA",122,0.1871,85.8156
30019,"Gwinnett County, GA",121,0.1856,86.0012
30046,"Gwinnett County, GA",120,0.184,86.1852
30116,"Carroll County, GA",120,0.184,86.3692
30017,"Gwinnett County, GA",117,0.1794,86.5486
30340,"DeKalb County, GA",117,0.1794,86.728
30120,"Bartow County, GA",115,0.1764,86.9044
30281,"Clayton County, GA",115,0.1764,87.0808
30215,"Clayton County, GA",114,0.1748,87.2556
30005,"Fulton County, GA",112,0.1718,87.4274
30092,"Gwinnett County, GA",112,0.1718,87.5992
30117,"Carroll County, GA",112,0.1718,87.771
30220,"Coweta County, GA",112,0.1718,87.9428
30187,"Douglas County, GA",111,0.1702,88.113
30313,"Fulton County, GA",109,0.1671,88.2801
30906,"Richmond County, GA",103,0.1579,88.438
30240,"Troup County, GA",100,0.1533,88.5913
30292,"Pike County, GA",94,0.1441,88.7354
30680,"Barrow County, GA",91,0.1395,88.8749
30134,"Paulding County, GA",88,0.1349,89.0098
30180,"Douglas County, GA",84,0.1288,89.1386
30307,"Fulton County, GA",81,0.1242,89.2628
30102,"Cherokee County, GA",79,0.1211,89.3839
30121,"Bartow County, GA",78,0.1196,89.5035
30286,"Upson County, GA",78,0.1196,89.6231
30024,"Forsyth County, GA",77,0.1181,89.7412
30097,"Fulton County, GA",77,0.1181,89.8593
30097,"Gwinnett County, GA",76,0.1165,89.9758
30306,"DeKalb County, GA",75,0.115,90.0908
30071,"Gwinnett County, GA",74,0.1135,90.2043
31029,"Monroe County, GA",74,0.1135,90.3178
30002,"DeKalb County, GA",72,0.1104,90.4282
30087,"Gwinnett County, GA",72,0.1104,90.5386
30268,"Coweta County, GA",72,0.1104,90.649
30241,"Troup County, GA",71,0.1089,90.7579
30303,"Fulton County, GA",70,0.1073,90.8652
30102,"Cobb County, GA",69,0.1058,90.971
30363,"Fulton County, GA",69,0.1058,91.0768
30205,"Fayette County, GA",68,0.1043,91.1811
30236,"Henry County, GA",68,0.1043,91.2854
30288,"DeKalb County, GA",68,0.1043,91.3897
30009,"Fulton County, GA",65,0.0997,91.4894
30204,"Lamar County, GA",65,0.0997,91.5891
30813,"Columbia County, GA",65,0.0997,91.6888
30028,"Forsyth County, GA",63,0.0966,91.7854
30052,"Walton County, GA",63,0.0966,91.882
30809,"Columbia County, GA",62,0.0951,91.9771
30230,"Troup County, GA",61,0.0935,92.0706
30534,"Dawson County, GA",60,0.092,92.1626
30360,"DeKalb County, GA",59,0.0905,92.2531
30054,"Newton County, GA",57,0.0874,92.3405
31907,"Muscogee County, GA",57,0.0874,92.4279
30084,"Gwinnett County, GA",55,0.0843,92.5122
30909,"Richmond County, GA",53,0.0813,92.5935
30075,"Cobb County, GA",52,0.0797,92.6732
30127,"Paulding County, GA",52,0.0797,92.7529
30257,"Lamar County, GA",52,0.0797,92.8326
30815,"Richmond County, GA",52,0.0797,92.9123
30655,"Walton County, GA",51,0.0782,92.9905
30206,"Pike County, GA",49,0.0751,93.0656
30101,"Paulding County, GA",47,0.0721,93.1377
30143,"Pickens County, GA",47,0.0721,93.2098
30179,"Carroll County, GA",47,0.0721,93.2819
30295,"Pike County, GA",47,0.0721,93.354
30222,"Meriwether County, GA",46,0.0705,93.4245
30542,"Hall County, GA",46,0.0705,93.495
30217,"Heard County, GA",45,0.069,93.564
30507,"Hall County, GA",44,0.0675,93.6315
30501,"Hall County, GA",43,0.0659,93.6974
30907,"Columbia County, GA",43,0.0659,93.7633
30504,"Hall County, GA",41,0.0629,93.8262
31088,"Houston County, GA",41,0.0629,93.8891
30506,"Hall County, GA",40,0.0613,93.9504
30606,"Clarke County, GA",40,0.0613,94.0117
30281,"Rockdale County, GA",39,0.0598,94.0715
30319,"Fulton County, GA",39,0.0598,94.1313
30605,"Clarke County, GA",39,0.0598,94.1911
30346,"DeKalb County, GA",38,0.0583,94.2494
31210,"Bibb County, GA",38,0.0583,94.3077
31904,"Muscogee County, GA",37,0.0567,94.3644
30324,"DeKalb County, GA",36,0.0552,94.4196
31419,"Chatham County, GA",36,0.0552,94.4748
30336,"Fulton County, GA",35,0.0537,94.5285
31204,"Bibb County, GA",35,0.0537,94.5822
30079,"DeKalb County, GA",34,0.0521,94.6343
30107,"Cherokee County, GA",32,0.0491,94.6834
30276,"Fayette County, GA",32,0.0491,94.7325
31909,"Muscogee County, GA",31,0.0475,94.78
30011,"Barrow County, GA",30,0.046,94.826
30011,"Gwinnett County, GA",30,0.046,94.872
30103,"Bartow County, GA",30,0.046,94.918
30161,"Floyd County, GA",30,0.046,94.964
30258,"Pike County, GA",30,0.046,95.01
30004,"Forsyth County, GA",29,0.0445,95.0545
30233,"Henry County, GA",29,0.0445,95.099
30238,"Fayette County, GA",29,0.0445,95.1435
30165,"Floyd County, GA",28,0.0429,95.1864
30251,"Meriwether County, GA",28,0.0429,95.2293
30549,"Jackson County, GA",28,0.0429,95.2722
31061,"Baldwin County, GA",28,0.0429,95.3151
30102,"Bartow County, GA",27,0.0414,95.3565
30904,"Richmond County, GA",27,0.0414,95.3979
30218,"Meriwether County, GA",26,0.0399,95.4378
30185,"Carroll County, GA",25,0.0383,95.4761
30256,"Pike County, GA",25,0.0383,95.5144
30656,"Walton County, GA",25,0.0383,95.5527
31405,"Chatham County, GA",25,0.0383,95.591
30506,"Forsyth County, GA",24,0.0368,95.6278
31206,"Bibb County, GA",24,0.0368,95.6646
30005,"Forsyth County, GA",23,0.0353,95.6999
30620,"Barrow County, GA",23,0.0353,95.7352
31093,"Houston County, GA",23,0.0353,95.7705
31313,"Liberty County, GA",23,0.0353,95.8058
31324,"Bryan County, GA",23,0.0353,95.8411
30025,"Newton County, GA",22,0.0337,95.8748
30184,"Bartow County, GA",22,0.0337,95.9085
30540,"Gilmer County, GA",22,0.0337,95.9422
30125,"Polk County, GA",21,0.0322,95.9744
31906,"Muscogee County, GA",21,0.0322,96.0066
30635,"Elbert County, GA",20,0.0307,96.0373
31005,"Houston County, GA",20,0.0307,96.068
31021,"Laurens County, GA",20,0.0307,96.0987
31069,"Houston County, GA",20,0.0307,96.1294
31601,"Lowndes County, GA",20,0.0307,96.1601
30153,"Polk County, GA",19,0.0291,96.1892
30216,"Butts County, GA",19,0.0291,96.2183
30273,"Henry County, GA",19,0.0291,96.2474
30293,"Meriwether County, GA",19,0.0291,96.2765
30548,"Gwinnett County, GA",19,0.0291,96.3056
30224,"Pike County, GA",18,0.0276,96.3332
30292,"Spalding County, GA",18,0.0276,96.3608
30736,"Catoosa County, GA",18,0.0276,96.3884
30901,"Richmond County, GA",18,0.0276,96.416
30179,"Paulding County, GA",17,0.0261,96.4421
30233,"Monroe County, GA",17,0.0261,96.4682
30533,"Lumpkin County, GA",17,0.0261,96.4943
31024,"Putnam County, GA",17,0.0261,96.5204
31404,"Chatham County, GA",17,0.0261,96.5465
30025,"Walton County, GA",16,0.0245,96.571
30168,"Douglas County, GA",16,0.0245,96.5955
30332,"Fulton County, GA",16,0.0245,96.62
30528,"White County, GA",16,0.0245,96.6445
30701,"Gordon County, GA",16,0.0245,96.669
30721,"Whitfield County, GA",16,0.0245,96.6935
31220,"Bibb County, GA",16,0.0245,96.718
31322,"Chatham County, GA",16,0.0245,96.7425
31525,"Glynn County, GA",16,0.0245,96.767
31548,"Camden County, GA",16,0.0245,96.7915
31816,"Meriwether County, GA",16,0.0245,96.816
31903,"Muscogee County, GA",16,0.0245,96.8405
30340,"Gwinnett County, GA",15,0.023,96.8635
30601,"Clarke County, GA",15,0.023,96.8865
30677,"Oconee County, GA",15,0.023,96.9095
30824,"McDuffie County, GA",15,0.023,96.9325
31047,"Houston County, GA",15,0.023,96.9555
31312,"Effingham County, GA",15,0.023,96.9785
30108,"Carroll County, GA",14,0.0215,97.0
30183,"Cherokee County, GA",14,0.0215,97.0215
30577,"Stephens County, GA",14,0.0215,97.043
31027,"Laurens County, GA",14,0.0215,97.0645
31211,"Bibb County, GA",14,0.0215,97.086
31406,"Chatham County, GA",14,0.0215,97.1075
31408,"Chatham County, GA",14,0.0215,97.129
30039,"DeKalb County, GA",13,0.0199,97.1489
30153,"Paulding County, GA",13,0.0199,97.1688
30175,"Pickens County, GA",13,0.0199,97.1887
30180,"Paulding County, GA",13,0.0199,97.2086
30234,"Butts County, GA",13,0.0199,97.2285
30666,"Barrow County, GA",13,0.0199,97.2484
30705,"Murray County, GA",13,0.0199,97.2683
30907,"Richmond County, GA",13,0.0199,97.2882
31030,"Peach County, GA",13,0.0199,97.3081
31216,"Bibb County, GA",13,0.0199,97.328
31602,"Lowndes County, GA",13,0.0199,97.3479
30228,"Spalding County, GA",12,0.0184,97.3663
30250,"Clayton County, GA",12,0.0184,97.3847
30512,"Union County, GA",12,0.0184,97.4031
30529,"Jackson County, GA",12,0.0184,97.4215
30643,"Hart County, GA",12,0.0184,97.4399
30650,"Morgan County, GA",12,0.0184,97.4583
30720,"Whitfield County, GA",12,0.0184,97.4767
31032,"Jones County, GA",12,0.0184,97.4951
31046,"Monroe County, GA",12,0.0184,97.5135
31407,"Chatham County, GA",12,0.0184,97.5319
30072,"DeKalb County, GA",11,0.0169,97.5488
30220,"Meriwether County, GA",11,0.0169,97.5657
30517,"Hall County, GA",11,0.0169,97.5826
30642,"Greene County, GA",11,0.0169,97.5995
30905,"Richmond County, GA",11,0.0169,97.6164
31008,"Peach County, GA",11,0.0169,97.6333
31217,"Bibb County, GA",11,0.0169,97.6502
31401,"Chatham County, GA",11,0.0169,97.6671
31558,"Camden County, GA",11,0.0169,97.684
30230,"Heard County, GA",10,0.0153,97.6993
30248,"Spalding County, GA",10,0.0153,97.7146
30554,"Hall County, GA",10,0.0153,97.7299
30747,"Chattooga County, GA",10,0.0153,97.7452
31087,"Hancock County, GA",10,0.0153,97.7605
31326,"Effingham County, GA",10,0.0153,97.7758
31522,"Glynn County, GA",10,0.0153,97.7911
31705,"Dougherty County, GA",10,0.0153,97.8064
31763,"Lee County, GA",10,0.0153,97.8217
31792,"Thomas County, GA",10,0.0153,97.837
31794,"Tift County, GA",10,0.0153,97.8523
31808,"Harris County, GA",10,0.0153,97.8676
31820,"Muscogee County, GA",10,0.0153,97.8829
31830,"Meriwether County, GA",10,0.0153,97.8982
30054,"Walton County, GA",9,0.0138,97.912
30097,"Forsyth County, GA",9,0.0138,97.9258
30178,"Bartow County, GA",9,0.0138,97.9396
30338,"Fulton County, GA",9,0.0138,97.9534
30360,"Gwinnett County, GA",9,0.0138,97.9672
30458,"Bulloch County, GA",9,0.0138,97.981
30548,"Jackson County, GA",9,0.0138,97.9948
30707,"Walker County, GA",9,0.0138,98.0086
30741,"Walker County, GA",9,0.0138,98.0224
30753,"Chattooga County, GA",9,0.0138,98.0362
31410,"Chatham County, GA",9,0.0138,98.05
31707,"Dougherty County, GA",9,0.0138,98.0638
31768,"Colquitt County, GA",9,0.0138,98.0776
31804,"Harris County, GA",9,0.0138,98.0914
30004,"Cherokee County, GA",8,0.0123,98.1037
30145,"Bartow County, GA",8,0.0123,98.116
30170,"Carroll County, GA",8,0.0123,98.1283
30171,"Bartow County, GA",8,0.0123,98.1406
30205,"Spalding County, GA",8,0.0123,98.1529
30224,"Lamar County, GA",8,0.0123,98.1652
30234,"Henry County, GA",8,0.0123,98.1775
30276,"Meriwether County, GA",8,0.0123,98.1898
30523,"Habersham County, GA",8,0.0123,98.2021
30566,"Hall County, GA",8,0.0123,98.2144
30607,"Jackson County, GA",8,0.0123,98.2267
30633,"Madison County, GA",8,0.0123,98.239
30662,"Franklin County, GA",8,0.0123,98.2513
30673,"Wilkes County, GA",8,0.0123,98.2636
30728,"Walker County, GA",8,0.0123,98.2759
30814,"Columbia County, GA",8,0.0123,98.2882
31015,"Crisp County, GA",8,0.0123,98.3005
31201,"Bibb County, GA",8,0.0123,98.3128
31316,"Long County, GA",8,0.0123,98.3251
31520,"Glynn County, GA",8,0.0123,98.3374
31719,"Sumter County, GA",8,0.0123,98.3497
39828,"Grady County, GA",8,0.0123,98.362
30013,"Newton County, GA",7,0.0107,98.3727
30055,"Newton County, GA",7,0.0107,98.3834
30107,"Forsyth County, GA",7,0.0107,98.3941
30110,"Haralson County, GA",7,0.0107,98.4048
30157,"Cobb County, GA",7,0.0107,98.4155
30230,"Coweta County, GA",7,0.0107,98.4262
30230,"Meriwether County, GA",7,0.0107,98.4369
30233,"Lamar County, GA",7,0.0107,98.4476
30257,"Pike County, GA",7,0.0107,98.4583
30517,"Gwinnett County, GA",7,0.0107,98.469
30517,"Jackson County, GA",7,0.0107,98.4797
30531,"Habersham County, GA",7,0.0107,98.4904
30534,"Forsyth County, GA",7,0.0107,98.5011
30536,"Gilmer County, GA",7,0.0107,98.5118
30567,"Jackson County, GA",7,0.0107,98.5225
30802,"Columbia County, GA",7,0.0107,98.5332
31052,"Bibb County, GA",7,0.0107,98.5439
31064,"Jasper County, GA",7,0.0107,98.5546
31516,"Pierce County, GA",7,0.0107,98.5653
31822,"Troup County, GA",7,0.0107,98.576
31833,"Troup County, GA",7,0.0107,98.5867
39823,"Early County, GA",7,0.0107,98.5974
30094,"DeKalb County, GA",6,0.0092,98.6066
30137,"Bartow County, GA",6,0.0092,98.6158
30176,"Haralson County, GA",6,0.0092,98.625
30188,"Cobb County, GA",6,0.0092,98.6342
30339,"Fulton County, GA",6,0.0092,98.6434
30518,"Hall County, GA",6,0.0092,98.6526
30525,"Rabun County, GA",6,0.0092,98.6618
30548,"Barrow County, GA",6,0.0092,98.671
30548,"Hall County, GA",6,0.0092,98.6802
30563,"Habersham County, GA",6,0.0092,98.6894
30564,"Hall County, GA",6,0.0092,98.6986
30606,"Oconee County, GA",6,0.0092,98.7078
30607,"Clarke County, GA",6,0.0092,98.717
30620,"Gwinnett County, GA",6,0.0092,98.7262
30621,"Oconee County, GA",6,0.0092,98.7354
30646,"Madison County, GA",6,0.0092,98.7446
30828,"Warren County, GA",6,0.0092,98.7538
31028,"Houston County, GA",6,0.0092,98.763
31211,"Jones County, GA",6,0.0092,98.7722
31220,"Monroe County, GA",6,0.0092,98.7814
31605,"Lowndes County, GA",6,0.0092,98.7906
31721,"Dougherty County, GA",6,0.0092,98.7998
31811,"Harris County, GA",6,0.0092,98.809
31905,"Muscogee County, GA",6,0.0092,98.8182
30052,"Rockdale County, GA",5,0.0077,98.8259
30184,"Cherokee County, GA",5,0.0077,98.8336
30256,"Upson County, GA",5,0.0077,98.8413
30461,"Bulloch County, GA",5,0.0077,98.849
30510,"Habersham County, GA",5,0.0077,98.8567
30513,"Fannin County, GA",5,0.0077,98.8644
30517,"Barrow County, GA",5,0.0077,98.8721
30527,"Hall County, GA",5,0.0077,98.8798
30535,"Habersham County, GA",5,0.0077,98.8875
30543,"Hall County, GA",5,0.0077,98.8952
30546,"Towns County, GA",5,0.0077,98.9029
30553,"Franklin County, GA",5,0.0077,98.9106
30558,"Banks County, GA",5,0.0077,98.9183
30628,"Madison County, GA",5,0.0077,98.926
30629,"Madison County, GA",5,0.0077,98.9337
31031,"Wilkinson County, GA",5,0.0077,98.9414
31078,"Crawford County, GA",5,0.0077,98.9491
31082,"Washington County, GA",5,0.0077,98.9568
31210,"Monroe County, GA",5,0.0077,98.9645
31305,"McIntosh County, GA",5,0.0077,98.9722
31415,"Chatham County, GA",5,0.0077,98.9799
31510,"Bacon County, GA",5,0.0077,98.9876
31523,"Glynn County, GA",5,0.0077,98.9953
31632,"Lowndes County, GA",5,0.0077,99.003
31750,"Ben Hill County, GA",5,0.0077,99.0107
31757,"Thomas County, GA",5,0.0077,99.0184
30014,"Walton County, GA",4,0.0061,99.0245
30113,"Haralson County, GA",4,0.0061,99.0306
30143,"Dawson County, GA",4,0.0061,99.0367
30173,"Floyd County, GA",4,0.0061,99.0428
30185,"Douglas County, GA",4,0.0061,99.0489
30252,"Rockdale County, GA",4,0.0061,99.055
30439,"Candler County, GA",4,0.0061,99.0611
30519,"Hall County, GA",4,0.0061,99.0672
30529,"Banks County, GA",4,0.0061,99.0733
30530,"Banks County, GA",4,0.0061,99.0794
30534,"Lumpkin County, GA",4,0.0061,99.0855
30541,"Fannin County, GA",4,0.0061,99.0916
30558,"Jackson County, GA",4,0.0061,99.0977
30559,"Fannin County, GA",4,0.0061,99.1038
30565,"Jackson County, GA",4,0.0061,99.1099
30609,"Clarke County, GA",4,0.0061,99.116
30683,"Clarke County, GA",4,0.0061,99.1221
30740,"Whitfield County, GA",4,0.0061,99.1282
30742,"Catoosa County, GA",4,0.0061,99.1343
30752,"Dade County, GA",4,0.0061,99.1404
30816,"Burke County, GA",4,0.0061,99.1465
30817,"Lincoln County, GA",4,0.0061,99.1526
31008,"Crawford County, GA",4,0.0061,99.1587
31044,"Twiggs County, GA",4,0.0061,99.1648
31075,"Laurens County, GA",4,0.0061,99.1709
31092,"Dooly County, GA",4,0.0061,99.177
31302,"Chatham County, GA",4,0.0061,99.1831
31411,"Chatham County, GA",4,0.0061,99.1892
31503,"Ware County, GA",4,0.0061,99.1953
31545,"Wayne County, GA",4,0.0061,99.2014
31620,"Cook County, GA",4,0.0061,99.2075
31709,"Sumter County, GA",4,0.0061,99.2136
31791,"Worth County, GA",4,0.0061,99.2197
31831,"Harris County, GA",4,0.0061,99.2258
39845,"Seminole County, GA",4,0.0061,99.2319
30024,"Fulton County, GA",3,0.0046,99.2365
30106,"Douglas County, GA",3,0.0046,99.2411
30124,"Floyd County, GA",3,0.0046,99.2457
30147,"Floyd County, GA",3,0.0046,99.2503
30170,"Heard County, GA",3,0.0046,99.2549
30177,"Pickens County, GA",3,0.0046,99.2595
30285,"Pike County, GA",3,0.0046,99.2641
30322,"DeKalb County, GA",3,0.0046,99.2687
30337,"Clayton County, GA",3,0.0046,99.2733
30401,"Emanuel County, GA",3,0.0046,99.2779
30427,"Tattnall County, GA",3,0.0046,99.2825
30467,"Screven County, GA",3,0.0046,99.2871
30474,"Toombs County, GA",3,0.0046,99.2917
30520,"Hart County, GA",3,0.0046,99.2963
30521,"Franklin County, GA",3,0.0046,99.3009
30538,"Stephens County, GA",3,0.0046,99.3055
30552,"Rabun County, GA",3,0.0046,99.3101
30576,"Rabun County, GA",3,0.0046,99.3147
30582,"Towns County, GA",3,0.0046,99.3193
30622,"Oconee County, GA",3,0.0046,99.3239
30624,"Elbert County, GA",3,0.0046,99.3285
30625,"Morgan County, GA",3,0.0046,99.3331
30630,"Oglethorpe County, GA",3,0.0046,99.3377
30634,"Elbert County, GA",3,0.0046,99.3423
30648,"Oglethorpe County, GA",3,0.0046,99.3469
30663,"Morgan County, GA",3,0.0046,99.3515
30710,"Whitfield County, GA",3,0.0046,99.3561
30731,"Chattooga County, GA",3,0.0046,99.3607
30734,"Pickens County, GA",3,0.0046,99.3653
30741,"Catoosa County, GA",3,0.0046,99.3699
31002,"Emanuel County, GA",3,0.0046,99.3745
31002,"Johnson County, GA",3,0.0046,99.3791
31033,"Jones County, GA",3,0.0046,99.3837
31096,"Johnson County, GA",3,0.0046,99.3883
31097,"Upson County, GA",3,0.0046,99.3929
31217,"Jones County, GA",3,0.0046,99.3975
31315,"Liberty County, GA",3,0.0046,99.4021
31320,"Liberty County, GA",3,0.0046,99.4067
31321,"Bryan County, GA",3,0.0046,99.4113
31329,"Effingham County, GA",3,0.0046,99.4159
31501,"Ware County, GA",3,0.0046,99.4205
31513,"Appling County, GA",3,0.0046,99.4251
31537,"Charlton County, GA",3,0.0046,99.4297
31636,"Lowndes County, GA",3,0.0046,99.4343
31643,"Brooks County, GA",3,0.0046,99.4389
31701,"Dougherty County, GA",3,0.0046,99.4435
31714,"Turner County, GA",3,0.0046,99.4481
31779,"Mitchell County, GA",3,0.0046,99.4527
31780,"Sumter County, GA",3,0.0046,99.4573
31793,"Tift County, GA",3,0.0046,99.4619
31808,"Muscogee County, GA",3,0.0046,99.4665
31820,"Harris County, GA",3,0.0046,99.4711
31822,"Harris County, GA",3,0.0046,99.4757
31833,"Harris County, GA",3,0.0046,99.4803
31901,"Muscogee County, GA",3,0.0046,99.4849
31905,"Chattahoochee County, GA",3,0.0046,99.4895
39817,"Decatur County, GA",3,0.0046,99.4941
39825,"Decatur County, GA",3,0.0046,99.4987
30028,"Cherokee County, GA",2,0.0031,99.5018
30040,"Cherokee County, GA",2,0.0031,99.5049
30055,"Jasper County, GA",2,0.0031,99.508
30101,"Bartow County, GA",2,0.0031,99.5111
30104,"Polk County, GA",2,0.0031,99.5142
30105,"Floyd County, GA",2,0.0031,99.5173
30122,"Cobb County, GA",2,0.0031,99.5204
30139,"Pickens County, GA",2,0.0031,99.5235
30148,"Pickens County, GA",2,0.0031,99.5266
30149,"Floyd County, GA",2,0.0031,99.5297
30175,"Gilmer County, GA",2,0.0031,99.5328
30179,"Haralson County, GA",2,0.0031,99.5359
30223,"Henry County, GA",2,0.0031,99.539
30229,"Coweta County, GA",2,0.0031,99.5421
30248,"Butts County, GA",2,0.0031,99.5452
30263,"Heard County, GA",2,0.0031,99.5483
30272,"Fulton County, GA",2,0.0031,99.5514
30317,"Fulton County, GA",2,0.0031,99.5545
30334,"Fulton County, GA",2,0.0031,99.5576
30415,"Bulloch County, GA",2,0.0031,99.5607
30417,"Evans County, GA",2,0.0031,99.5638
30428,"Wheeler County, GA",2,0.0031,99.5669
30434,"Jefferson County, GA",2,0.0031,99.57
30445,"Montgomery County, GA",2,0.0031,99.5731
30454,"Laurens County, GA",2,0.0031,99.5762
30477,"Jefferson County, GA",2,0.0031,99.5793
30511,"Banks County, GA",2,0.0031,99.5824
30511,"Habersham County, GA",2,0.0031,99.5855
30516,"Hart County, GA",2,0.0031,99.5886
30520,"Franklin County, GA",2,0.0031,99.5917
30522,"Gilmer County, GA",2,0.0031,99.5948
30533,"Hall County, GA",2,0.0031,99.5979
30557,"Franklin County, GA",2,0.0031,99.601
30619,"Oglethorpe County, GA",2,0.0031,99.6041
30627,"Oglethorpe County, GA",2,0.0031,99.6072
30656,"Barrow County, GA",2,0.0031,99.6103
30660,"Wilkes County, GA",2,0.0031,99.6134
30662,"Hart County, GA",2,0.0031,99.6165
30665,"Greene County, GA",2,0.0031,99.6196
30666,"Oconee County, GA",2,0.0031,99.6227
30668,"Wilkes County, GA",2,0.0031,99.6258
30669,"Greene County, GA",2,0.0031,99.6289
30725,"Walker County, GA",2,0.0031,99.632
30734,"Gordon County, GA",2,0.0031,99.6351
30735,"Whitfield County, GA",2,0.0031,99.6382
30808,"McDuffie County, GA",2,0.0031,99.6413
30813,"Richmond County, GA",2,0.0031,99.6444
30909,"Columbia County, GA",2,0.0031,99.6475
31008,"Houston County, GA",2,0.0031,99.6506
31014,"Bleckley County, GA",2,0.0031,99.6537
31020,"Twiggs County, GA",2,0.0031,99.6568
31031,"Baldwin County, GA",2,0.0031,99.6599
31037,"Telfair County, GA",2,0.0031,99.663
31038,"Jasper County, GA",2,0.0031,99.6661
31042,"Wilkinson County, GA",2,0.0031,99.6692
31068,"Macon County, GA",2,0.0031,99.6723
31098,"Houston County, GA",2,0.0031,99.6754
31301,"Liberty County, GA",2,0.0031,99.6785
31307,"Effingham County, GA",2,0.0031,99.6816
31308,"Bryan County, GA",2,0.0031,99.6847
31328,"Chatham County, GA",2,0.0031,99.6878
31331,"McIntosh County, GA",2,0.0031,99.6909
31409,"Chatham County, GA",2,0.0031,99.694
31533,"Coffee County, GA",2,0.0031,99.6971
31543,"Brantley County, GA",2,0.0031,99.7002
31547,"Camden County, GA",2,0.0031,99.7033
31555,"Wayne County, GA",2,0.0031,99.7064
31639,"Berrien County, GA",2,0.0031,99.7095
31712,"Crisp County, GA",2,0.0031,99.7126
31749,"Berrien County, GA",2,0.0031,99.7157
31779,"Grady County, GA",2,0.0031,99.7188
31801,"Talbot County, GA",2,0.0031,99.7219
31803,"Marion County, GA",2,0.0031,99.725
31805,"Chattahoochee County, GA",2,0.0031,99.7281
31806,"Schley County, GA",2,0.0031,99.7312
31807,"Harris County, GA",2,0.0031,99.7343
31812,"Talbot County, GA",2,0.0031,99.7374
31826,"Talbot County, GA",2,0.0031,99.7405
31827,"Talbot County, GA",2,0.0031,99.7436
31836,"Talbot County, GA",2,0.0031,99.7467
39819,"Decatur County, GA",2,0.0031,99.7498
39837,"Miller County, GA",2,0.0031,99.7529
39840,"Randolph County, GA",2,0.0031,99.756
30012,"DeKalb County, GA",1,0.0015,99.7575
30016,"Rockdale County, GA",1,0.0015,99.759
30052,"Newton County, GA",1,0.0015,99.7605
30056,"Jasper County, GA",1,0.0015,99.762
30056,"Morgan County, GA",1,0.0015,99.7635
30056,"Newton County, GA",1,0.0015,99.765
30058,"Rockdale County, GA",1,0.0015,99.7665
30070,"Newton County, GA",1,0.0015,99.768
30103,"Floyd County, GA",1,0.0015,99.7695
30103,"Gordon County, GA",1,0.0015,99.771
30104,"Bartow County, GA",1,0.0015,99.7725
30104,"Floyd County, GA",1,0.0015,99.774
30107,"Pickens County, GA",1,0.0015,99.7755
30108,"Heard County, GA",1,0.0015,99.777
30110,"Carroll County, GA",1,0.0015,99.7785
30113,"Polk County, GA",1,0.0015,99.78
30118,"Carroll County, GA",1,0.0015,99.7815
30125,"Floyd County, GA",1,0.0015,99.783
30139,"Bartow County, GA",1,0.0015,99.7845
30145,"Floyd County, GA",1,0.0015,99.786
30161,"Bartow County, GA",1,0.0015,99.7875
30182,"Carroll County, GA",1,0.0015,99.789
30183,"Bartow County, GA",1,0.0015,99.7905
30233,"Newton County, GA",1,0.0015,99.792
30251,"Coweta County, GA",1,0.0015,99.7935
30256,"Lamar County, GA",1,0.0015,99.795
30258,"Upson County, GA",1,0.0015,99.7965
30350,"DeKalb County, GA",1,0.0015,99.798
30410,"Montgomery County, GA",1,0.0015,99.7995
30411,"Wheeler County, GA",1,0.0015,99.801
30421,"Tattnall County, GA",1,0.0015,99.8025
30427,"Long County, GA",1,0.0015,99.804
30434,"Burke County, GA",1,0.0015,99.8055
30436,"Toombs County, GA",1,0.0015,99.807
30442,"Burke County, GA",1,0.0015,99.8085
30442,"Jenkins County, GA",1,0.0015,99.81
30453,"Tattnall County, GA",1,0.0015,99.8115
30455,"Screven County, GA",1,0.0015,99.813
30456,"Burke County, GA",1,0.0015,99.8145
30457,"Treutlen County, GA",1,0.0015,99.816
30470,"Montgomery County, GA",1,0.0015,99.8175
30471,"Emanuel County, GA",1,0.0015,99.819
30473,"Montgomery County, GA",1,0.0015,99.8205
30510,"Hall County, GA",1,0.0015,99.822
30512,"Fannin County, GA",1,0.0015,99.8235
30530,"Jackson County, GA",1,0.0015,99.825
30530,"Madison County, GA",1,0.0015,99.8265
30536,"Dawson County, GA",1,0.0015,99.828
30547,"Banks County, GA",1,0.0015,99.8295
30554,"Banks County, GA",1,0.0015,99.831
30555,"Fannin County, GA",1,0.0015,99.8325
30557,"Stephens County, GA",1,0.0015,99.834
30567,"Hall County, GA",1,0.0015,99.8355
30568,"Rabun County, GA",1,0.0015,99.837
30571,"White County, GA",1,0.0015,99.8385
30572,"Union County, GA",1,0.0015,99.84
30577,"Banks County, GA",1,0.0015,99.8415
30577,"Franklin County, GA",1,0.0015,99.843
30597,"Lumpkin County, GA",1,0.0015,99.8445
30602,"Clarke County, GA",1,0.0015,99.846
30622,"Clarke County, GA",1,0.0015,99.8475
30623,"Morgan County, GA",1,0.0015,99.849
30628,"Oglethorpe County, GA",1,0.0015,99.8505
30631,"Taliaferro County, GA",1,0.0015,99.852
30634,"Hart County, GA",1,0.0015,99.8535
30641,"Walton County, GA",1,0.0015,99.855
30667,"Oglethorpe County, GA",1,0.0015,99.8565
30678,"Greene County, GA",1,0.0015,99.858
30683,"Oglethorpe County, GA",1,0.0015,99.8595
30707,"Catoosa County, GA",1,0.0015,99.861
30721,"Murray County, GA",1,0.0015,99.8625
30730,"Chattooga County, GA",1,0.0015,99.864
30731,"Dade County, GA",1,0.0015,99.8655
30735,"Gordon County, GA",1,0.0015,99.867
30736,"Whitfield County, GA",1,0.0015,99.8685
30738,"Walker County, GA",1,0.0015,99.87
30739,"Catoosa County, GA",1,0.0015,99.8715
30739,"Walker County, GA",1,0.0015,99.873
30755,"Whitfield County, GA",1,0.0015,99.8745
30805,"Richmond County, GA",1,0.0015,99.876
30820,"Hancock County, GA",1,0.0015,99.8775
30823,"Jefferson County, GA",1,0.0015,99.879
30830,"Burke County, GA",1,0.0015,99.8805
31001,"Wilcox County, GA",1,0.0015,99.882
31009,"Laurens County, GA",1,0.0015,99.8835
31014,"Dodge County, GA",1,0.0015,99.885
31016,"Lamar County, GA",1,0.0015,99.8865
31019,"Laurens County, GA",1,0.0015,99.888
31023,"Dodge County, GA",1,0.0015,99.8895
31025,"Houston County, GA",1,0.0015,99.891
31030,"Crawford County, GA",1,0.0015,99.8925
31036,"Houston County, GA",1,0.0015,99.894
31036,"Pulaski County, GA",1,0.0015,99.8955
31046,"Jones County, GA",1,0.0015,99.897
31052,"Crawford County, GA",1,0.0015,99.8985
31054,"Wilkinson County, GA",1,0.0015,99.9
31055,"Telfair County, GA",1,0.0015,99.9015
31057,"Macon County, GA",1,0.0015,99.903
31058,"Marion County, GA",1,0.0015,99.9045
31060,"Dodge County, GA",1,0.0015,99.906
31063,"Macon County, GA",1,0.0015,99.9075
31064,"Newton County, GA",1,0.0015,99.909
31066,"Monroe County, GA",1,0.0015,99.9105
31070,"Dooly County, GA",1,0.0015,99.912
31076,"Taylor County, GA",1,0.0015,99.9135
31087,"Baldwin County, GA",1,0.0015,99.915
31090,"Wilkinson County, GA",1,0.0015,99.9165
31092,"Crisp County, GA",1,0.0015,99.918
31096,"Washington County, GA",1,0.0015,99.9195
31097,"Lamar County, GA",1,0.0015,99.921
31207,"Bibb County, GA",1,0.0015,99.9225
31217,"Twiggs County, GA",1,0.0015,99.924
31301,"Long County, GA",1,0.0015,99.9255
31302,"Effingham County, GA",1,0.0015,99.927
31303,"Effingham County, GA",1,0.0015,99.9285
31313,"Long County, GA",1,0.0015,99.93
31323,"Liberty County, GA",1,0.0015,99.9315
31512,"Coffee County, GA",1,0.0015,99.933
31535,"Coffee County, GA",1,0.0015,99.9345
31537,"Camden County, GA",1,0.0015,99.936
31539,"Jeff Davis County, GA",1,0.0015,99.9375
31542,"Brantley County, GA",1,0.0015,99.939
31546,"Wayne County, GA",1,0.0015,99.9405
31554,"Coffee County, GA",1,0.0015,99.942
31555,"Appling County, GA",1,0.0015,99.9435
31565,"Camden County, GA",1,0.0015,99.945
31566,"Brantley County, GA",1,0.0015,99.9465
31568,"Camden County, GA",1,0.0015,99.948
31569,"Camden County, GA",1,0.0015,99.9495
31622,"Berrien County, GA",1,0.0015,99.951
31624,"Atkinson County, GA",1,0.0015,99.9525
31626,"Thomas County, GA",1,0.0015,99.954
31632,"Cook County, GA",1,0.0015,99.9555
31634,"Clinch County, GA",1,0.0015,99.957
31636,"Echols County, GA",1,0.0015,99.9585
31637,"Colquitt County, GA",1,0.0015,99.96
31637,"Cook County, GA",1,0.0015,99.9615
31638,"Brooks County, GA",1,0.0015,99.963
31641,"Lanier County, GA",1,0.0015,99.9645
31642,"Atkinson County, GA",1,0.0015,99.966
31645,"Lowndes County, GA",1,0.0015,99.9675
31647,"Cook County, GA",1,0.0015,99.969
31648,"Echols County, GA",1,0.0015,99.9705
31650,"Atkinson County, GA",1,0.0015,99.972
31698,"Lowndes County, GA",1,0.0015,99.9735
31705,"Worth County, GA",1,0.0015,99.975
31721,"Terrell County, GA",1,0.0015,99.9765
31733,"Tift County, GA",1,0.0015,99.978
31765,"Mitchell County, GA",1,0.0015,99.9795
31775,"Colquitt County, GA",1,0.0015,99.981
31778,"Brooks County, GA",1,0.0015,99.9825
31781,"Worth County, GA",1,0.0015,99.984
31796,"Worth County, GA",1,0.0015,99.9855
31822,"Meriwether County, GA",1,0.0015,99.987
31823,"Harris County, GA",1,0.0015,99.9885
31825,"Stewart County, GA",1,0.0015,99.99
39827,"Grady County, GA",1,0.0015,99.9915
39842,"Terrell County, GA",1,0.0015,99.993
39846,"Calhoun County, GA",1,0.0015,99.9945
39859,"Seminole County, GA",1,0.0015,99.996
